WardId,LgaCode,WardName,WardCode
1,25521,Kivukoni,11101
2,25521,Upanga Mashariki,11102
3,25521,Upanga Magharibi,11103
4,25521,Kisutu,11104
5,25521,Mchafukoge,11105
6,25521,Kariakoo,11106
7,25521,Gerezani,11107
8,25521,Jangwani,11108
9,25521,Mchikichini,11109
10,25522,Ilala,12101
11,25522,Buguruni,12102
12,25522,Tabata,12103
13,25522,Kimanga,12104
14,25522,Segerea,12105
15,25522,Kipawa,12106
16,25522,Ukonga,12107
17,25522,Kiwalani,12108
18,25522,Vingunguti,12109
19,25522,Gongo La Mboto,12110
20,25522,Kitunda,12111
21,25522,Pugu,12112
22,25522,Majohe,12113
23,25522,Msongola,12114
24,25522,Chanika,12115
25,25522,Kinyerezi,12116
26,25522,Kivule,12117
27,25522,Mnyamani,12118
28,25522,Liwiti,12119
29,25522,Bonyokwa,12120
30,25522,Kipunguni,12121
31,25522,Kisukulu,12122
32,25522,Minazi Mirefu,12123
33,25522,Buyuni,12124
34,25522,Zingiziwa,12125
35,25522,Mzinga,12126
36,25522,Pugu Station,12127
37,25523,Magomeni,14101
38,25523,Mzimuni,14102
39,25523,Ndugumbi,14104
40,25523,Tandale,14106
41,25523,Makumbusho,14107
42,25523,Mwananyamala,14108
43,25523,Hananasif,14109
44,25523,Kinondoni,14110
45,25523,Msasani,14111
46,25523,Mikocheni,14112
47,25523,Kijitonyama,14113
48,25523,Kigogo,14118
49,25523,Kawe,14121
50,25523,Kunduchi,14122
51,25523,Bunju,14125
52,25523,Mbweni,14126
53,25523,Mbezi Juu,14128
54,25523,Makongo,14129
55,25523,Wazo,14130
56,25523,Mabwepande,14134
57,25524,Temeke,15101
58,25524,Sandali,15102
59,25524,Chang'ombe,15103
60,25524,Keko,15104
61,25524,Miburani,15105
62,25524,Azimio,15106
63,25524,Tandika,15107
64,25524,Mtoni,15108
65,25524,Kurasini,15109
66,25524,Mbagala Kuu,15112
67,25524,Mbagala,15113
68,25524,Makangarawe,15114
69,25524,Yombo Vituka,15115
70,25524,Chamazi,15116
71,25524,Charambe,15117
72,25524,Toangoma,15118
73,25524,Buza,15125
74,25524,Kilakala,15127
75,25524,Kiburugwa,15128
76,25524,Kijichi,15129
77,25524,Mianzini,15130
78,25524,Kibondemaji,15131
79,25524,Kilungule,15132
80,25525,Mburahati,16101
81,25525,Sinza,16102
82,25525,Ubungo,16103
83,25525,Kimara,16104
84,25525,Saranga,16105
85,25525,Makuburi,16106
86,25525,Makurumla,16107
87,25525,Manzese,16108
88,25525,Mabibo,16109
89,25525,Kibamba,16110
90,25525,Kwembe,16111
91,25525,Goba,16112
92,25525,Mbezi,16113
93,25525,Msigani,16114
94,25526,Kimbiji,17101
95,25526,Somangila,17102
96,25526,Tungi,17103
97,25526,Kisarawe Ii,17104
98,25526,Pembamnazi,17105
99,25526,Mjimwema,17106
100,25526,Kigamboni,17107
101,25526,Vijibweni,17108
102,25526,Kibada,17109
103,25541,Central,21101
104,25541,Mzingani,21102
105,25541,Usagara,21103
106,25541,Ngamiani Kaskazini,21104
107,25541,Ngamiani Kati,21105
108,25541,Ngamiani Kusini,21106
109,25541,Majengo,21107
110,25541,Chumbageni,21108
111,25541,Makorora,21109
112,25541,Mabawa,21110
113,25541,Msambweni,21111
114,25541,Nguvumali,21112
115,25541,Mwanzange,21113
116,25541,Duga,21114
117,25541,Magaoni,21115
118,25541,Mnyanjani,21116
119,25541,Masiwani,21117
120,25542,Tangasisi,21201
121,25542,Mzizima,21202
122,25542,Kiomoni,21203
123,25542,Mabokweni,21204
124,25542,Chongoleani,21205
125,25542,Maweni,21206
126,25542,Tongoni,21207
127,25542,Pongwe,21208
128,25542,Marungu,21209
129,25542,Kirare,21210
130,25543,Pangani Magharibi,21301
131,25543,Pangani Mashariki,21302
132,25543,Bweni,21303
133,25543,Mwera,21304
134,25543,Kimang'a,21305
135,25543,Madanga,21306
136,25543,Bushiri,21307
137,25543,Ubangaa,21308
138,25543,Mikinguni,21309
139,25543,Tungamaa,21310
140,25543,Kipumbwi,21311
141,25543,Mkwaja,21312
142,25543,Mkalamo,21313
143,25543,Masaika,21314
144,25544,Majengo,21401
145,25544,Genge,21402
146,25544,Masuguru,21403
147,25544,Kwemkabala,21404
148,25544,Mbaramo,21405
149,25544,Tanganyika,21406
150,25544,Magila,21407
151,25544,Lusanga,21408
152,25544,Mpapayu,21409
153,25544,Kilulu,21410
154,25544,Tingeni,21411
155,25544,Kwakifua,21412
156,25544,Kicheba,21413
157,25544,Magoroto,21414
158,25544,Pande Darajani,21415
159,25544,Mlingano,21416
160,25544,Ngomeni,21417
161,25544,Kigombe,21418
162,25544,Mkuzi,21419
163,25544,Mtindiro,21420
164,25544,Kwafungo,21421
165,25544,Songa,21422
166,25544,Mhamba,21423
167,25544,Bwembwera,21424
168,25544,Nkumba,21425
169,25544,Tongwe,21426
170,25544,Kisiwani,21427
171,25544,Amani,21428
172,25544,Potwe,21429
173,25544,Misalai,21430
174,25544,Mbomole,21431
175,25544,Zirai,21432
176,25544,Misozwe,21433
177,25544,Kwezitu,21434
178,25544,Kwemingoji,21435
179,25544,Kwabada,21436
180,25544,Makole,21437
181,25545,Daluni,21501
182,25545,Gombero,21502
183,25545,Mnyenzani,21503
184,25545,Kigongoi Magharibi,21504
185,25545,Maramba,21505
186,25545,Mapatano,21506
187,25545,Bwiti,21507
188,25545,Mhinduro,21508
189,25545,Bosha,21509
190,25545,Duga,21510
191,25545,Sigaya,21511
192,25545,Kwale,21512
193,25545,Manza,21513
194,25545,Boma,21514
195,25545,Parungu Kasera,21515
196,25545,Mkinga,21516
197,25545,Moa,21517
198,25545,Mayomboni,21518
199,25545,Mtimbwani,21519
200,25545,Doda,21520
201,25545,Mwakijembe,21521
202,25545,Kigongoi Mashariki,21522
203,25546,Manundu,21601
204,25546,Old Korogwe,21602
205,25546,Kwamsisi,21603
206,25546,Kilole,21604
207,25546,Mgombezi,21605
208,25546,Mtonga,21606
209,25546,Kwamndolwa,21607
210,25546,Kwagunda,21608
211,25546,Mnyuzi,21609
212,25546,Makuyuni,21610
213,25546,Mswaha,21611
214,25546,Lutindi,21612
215,25546,Vugiri,21613
216,25546,Kwashemshi,21614
217,25546,Bungu,21615
218,25546,Dindira,21616
219,25546,Mpale,21617
220,25546,Kerenge,21618
221,25546,Chekelei,21619
222,25546,Mombo,21620
223,25546,Mkalamo,21621
224,25546,Magamba Kwalukonge,21622
225,25546,Mazinde,21623
226,25546,Mkomazi,21624
227,25546,Magoma,21625
228,25546,Kizara,21626
229,25546,Mashewa,21627
230,25546,Magunga,21628
231,25546,Bagamoyo,21629
232,25546,Majengo,21630
233,25546,Masuguru,21631
234,25546,Mlungui,21632
235,25546,Mgwashi,21633
236,25546,Lewa,21634
237,25546,Magila Gereza,21635
238,25546,Mkumbala,21636
239,25546,Kalalani,21637
240,25546,Foroforo,21638
241,25546,Makumba,21639
242,25546,Hale,21640
243,25547,Lushoto,21701
244,25547,Ubiri,21702
245,25547,Ngulwi,21703
246,25547,Kwemashai,21704
247,25547,Gare,21705
248,25547,Mbuzii,21706
249,25547,Kwai,21707
250,25547,Shume,21708
251,25547,Lukozi,21709
252,25547,Kwekanga,21710
253,25547,Kilole,21711
254,25547,Ngwelo,21712
255,25547,Mlola,21713
256,25547,Kwemshasha,21714
257,25547,Malibwi,21715
258,25547,Rangwi,21716
259,25547,Mwangoi,21717
260,25547,Dule 'm',21718
261,25547,Hemtoye,21719
262,25547,Malindi,21720
263,25547,Mlalo,21721
264,25547,Mtae,21722
265,25547,Sunga,21723
266,25547,Mamba,21724
267,25547,Soni,21725
268,25547,Vuga,21726
269,25547,Usambara,21727
270,25547,Mponde,21728
271,25547,"Dule ""B""",21729
272,25547,Bumbuli,21730
273,25547,Mayo,21731
274,25547,Funta,21732
275,25547,Tamota,21733
276,25547,Mahezangulu,21734
277,25547,Mgwashi,21735
278,25547,Nkongoi,21736
279,25547,Milingano,21737
280,25547,Baga,21738
281,25547,Makanya,21739
282,25547,Mng'aro,21740
283,25547,Lunguza,21741
284,25547,Mbaramo,21742
285,25547,Mnazi,21743
286,25547,Manolo,21744
287,25547,Magamba,21745
288,25547,Mbwei,21746
289,25547,Mbaru,21747
290,25547,Shagayu,21748
291,25547,Migambo,21749
292,25547,Kisiwani,21750
293,25547,Kwemkomole,21751
294,25548,Chanika,21801
295,25548,Vibaoni,21802
296,25548,Kideleko,21803
297,25548,Kiva,21804
298,25548,Kwankonje,21805
299,25548,Kwachaga,21806
300,25548,Kwaluguru,21807
301,25548,Kang'ata,21808
302,25548,Sindeni,21809
303,25548,Misima,21810
304,25548,Ndolwa,21811
305,25548,Mazingara,21812
306,25548,Mkata,21813
307,25548,Komkonga,21814
308,25548,Kabuku,21815
309,25548,Mgambo,21816
310,25548,Kabuku Ndani,21817
311,25548,Kwamatuku,21818
312,25548,Segera,21819
313,25548,Kwedizinga,21820
314,25548,Kwamgwe,21821
315,25548,Kwamsisi,21822
316,25548,Kwasunga,21823
317,25548,Kitumbi,21824
318,25548,Mlimani,21825
319,25548,Konje,21826
320,25548,Msasa,21827
321,25548,Kwamagome,21828
322,25548,Mdoe,21829
323,25548,Kwenjugo,21830
324,25548,Kwediyamba,21831
325,25548,Malezi,21832
326,25548,Mabanda,21833
327,25549,Songe,21901
328,25549,Mvungwe,21902
329,25549,Kibirashi,21903
330,25549,Masagalu,21904
331,25549,Kisangasa,21905
332,25549,Kwediboma,21906
333,25549,Kilwa,21907
334,25549,Kwekivu,21908
335,25549,Kilindi,21909
336,25549,Msanja,21910
337,25549,Mabalanga,21911
338,25549,Mkindi,21912
339,25549,Jaila,21913
340,25549,Negero,21914
341,25549,Kimbe,21915
342,25549,Kikunde,21916
343,25549,Tunguli,21917
344,25549,Pagwi,21918
345,25549,Saunyi,21919
346,25549,Lwande,21920
347,25549,Bokwa,21921
348,25511,Sekei,23101
349,25511,Kati,23102
350,25511,Kaloleni,23103
351,25511,Levolosi,23104
352,25511,Ngarenaro,23105
353,25511,Elerai,23106
354,25511,Unga Limited,23107
355,25511,Daraja Ii,23108
356,25511,Themi,23109
357,25511,Kimandolu,23110
358,25511,Olorieni,23111
359,25511,Baraa,23112
360,25511,Lemara,23113
361,25511,Engutoto,23114
362,25511,Sokon 1,23115
363,25511,Sombetini,23116
364,25511,Terrat,23117
365,25511,Moshono,23118
366,25511,Olasiti,23119
367,25511,Moivaro,23120
368,25511,Sinoni,23121
369,25511,Muriet,23122
370,25511,Osunyai Jr,23123
371,25511,Sakina,23124
372,25511,Olmoti,23125
373,25512,Olturumet,23201
374,25512,Mwandet,23202
375,25512,Olkokola,23203
376,25512,Oldonyosambu,23204
377,25512,Musa,23205
378,25512,Kisongo,23206
379,25512,Bangata,23207
380,25512,Sokon Ii,23208
381,25512,Kiranyi,23209
382,25512,Olorien,23210
383,25512,Ilkiding'a,23211
384,25512,Sambasha,23212
385,25512,Kimnyaki,23213
386,25512,Olmotonyi,23214
387,25512,Oljoro,23215
388,25512,Olturoto,23216
389,25512,Moivo,23217
390,25512,Mlangarini,23218
391,25512,Nduruma,23219
392,25512,Bwawani,23220
393,25512,Mateves,23221
394,25512,Lemanyata,23222
395,25512,Oldonyowass,23223
396,25512,Laroi,23224
397,25512,Kiutu,23225
398,25512,Tarakwa,23226
399,25512,Ilboru,23227
400,25513,Usa River,23301
401,25513,Maji Ya Chai,23302
402,25513,Nkoaranga,23303
403,25513,Poli,23304
404,25513,Seela sing'isi,23305
405,25513,Akheri,23306
406,25513,Nkoarisambu,23307
407,25513,Nkoanrua,23308
408,25513,Songoro,23309
409,25513,Ngarenanyuki,23310
410,25513,Kikwe,23311
411,25513,Mbuguni,23312
412,25513,Makiba,23313
413,25513,Maroroni,23314
414,25513,Kikatiti,23315
415,25513,King'ori,23316
416,25513,Leguruki,23317
417,25513,Shambarai Burka,23318
418,25513,Majengo,23319
419,25513,Malula,23320
420,25513,Uwiro,23321
421,25513,Ngabobo,23322
422,25513,Maruvango,23323
423,25513,Imbaseni,23324
424,25513,Ambureni,23325
425,25513,Nkoanekoli,23326
426,25514,Monduli Mjini,23401
427,25514,Engutoto,23402
428,25514,Sepeko,23403
429,25514,Monduli Juu,23404
430,25514,Meserani,23405
431,25514,Moita,23406
432,25514,Lolkisale,23407
433,25514,Mswakini,23408
434,25514,Esilalei,23409
435,25514,Mto Wa Mbu,23410
436,25514,Majengo,23411
437,25514,Makuyuni,23412
438,25514,Lepurko,23413
439,25514,Selela,23414
440,25514,Engaruka,23415
441,25514,Mfereji,23416
442,25514,Lashaine,23417
443,25514,Naalarami,23418
444,25514,Lemooti,23419
445,25514,Migungani,23420
446,25515,Longido,23501
447,25515,Kimokouwa,23502
448,25515,Namanga,23503
449,25515,Tingatinga,23504
450,25515,Olmolog,23505
451,25515,Kamwanga,23506
452,25515,Engikaret,23507
453,25515,Elang'atadapash,23508
454,25515,Ketumbeine,23509
455,25515,Mundarara,23510
456,25515,Engarenaibor,23511
457,25515,Matale A,23512
458,25515,Gelai Lumbwa,23513
459,25515,Gelai Meirugoi,23514
460,25515,Ilorienito,23515
461,25515,Orbomba,23516
462,25515,Noondoto,23517
463,25515,Sinya,23518
464,25516,Karatu,23601
465,25516,Ganako,23602
466,25516,Rhotia,23603
467,25516,Mbulumbulu,23604
468,25516,Endamarariek,23605
469,25516,Buger,23606
470,25516,Kansay,23607
471,25516,Endabashi,23608
472,25516,Qurus,23609
473,25516,Oldeani,23610
474,25516,Daa,23611
475,25516,Mang'ola,23612
476,25516,Baray,23613
477,25516,Endamaghang,23614
478,25517,Orgosorok,23701
479,25517,Oloirien/ Magaiduru,23702
480,25517,Oloipiri,23703
481,25517,Enguserosambu,23704
482,25517,Samunge,23705
483,25517,Maalon,23706
484,25517,Arash,23707
485,25517,Soitsambu,23708
486,25517,Ololosokwan,23709
487,25517,Digodigo,23710
488,25517,Oldonyosambu,23711
489,25517,Sale,23712
490,25517,Pinyinyi,23713
491,25517,Malambo,23714
492,25517,Olbalbal,23715
493,25517,Alailelai,23716
494,25517,Naiyobi,23717
495,25517,Nainokanoka,23718
496,25517,Ngorongoro,23719
497,25517,Enduleni,23720
498,25517,Kakesio,23721
499,25517,Ngoile,23723
500,25517,Misigiyo,23724
501,25517,Eyasi,23725
502,25517,Alaitolei,23726
503,25517,Kirangi,23727
504,25517,Engaresero,23728
505,25517,Piyaya,23729
506,25551,Mawenzi,25101
507,25551,Kilimanjaro,25102
508,25551,Rau,25103
509,25551,Majengo,25104
510,25551,Njoro,25105
511,25551,Bondeni,25106
512,25551,Kiusa,25107
513,25551,Korongoni,25108
514,25551,Pasua,25109
515,25551,Kaloleni,25110
516,25551,Mji Mpya,25111
517,25551,Msaranga,25112
518,25551,Kiborloni,25113
519,25551,Soweto,25114
520,25551,Karanga,25115
521,25551,Longuo,25116
522,25551,Miembeni,25117
523,25551,Ng'ambo,25118
524,25551,Shirimatunda,25119
525,25551,Bomambuzi,25120
526,25551,Mfumuni,25121
527,25552,Mabogini,25201
528,25552,Kimochi,25202
529,25552,Old Moshi Mashariki,25203
530,25552,Old Moshi Magharibi,25204
531,25552,Uru Kusini,25205
532,25552,Uru Mashariki,25206
533,25552,Uru Kaskazini,25207
534,25552,Uru Shimbwe,25208
535,25552,Mbokomu,25209
536,25552,Arusha Chini,25210
537,25552,Kibosho Kirima,25211
538,25552,Kindi,25212
539,25552,Kibosho Okaoni,25213
540,25552,Kibosho Kati,25214
541,25552,Kibosho Magharibi,25215
542,25552,Kibosho Mashariki,25216
543,25552,Mwika Kusini,25217
544,25552,Mwika Kaskazini,25218
545,25552,Mamba Kusini,25219
546,25552,Mamba Kaskazini,25220
547,25552,Marangu Mashariki,25221
548,25552,Marangu Magharibi,25222
549,25552,Makuyuni (Himo),25223
550,25552,Kilema Kaskazini,25224
551,25552,Kilema Kati,25225
552,25552,Kilema Kusini,25226
553,25552,Kirua Vunjo Kusini,25227
554,25552,Kirua Vunjo Mashariki,25228
555,25552,Kirua Vunjo Magharibi,25229
556,25552,Kahe Magharibi,25230
557,25552,Kahe Mashariki,25231
558,25552,Njia Panda,25232
559,25553,Machame Mashariki,25301
560,25553,Machame Narumu,25302
561,25553,Weruweru,25303
562,25553,Mnadani,25304
563,25553,Machame Uroki,25305
564,25553,Machame Magharibi,25306
565,25553,Machame Kaskazini,25307
566,25553,Masama Magharibi,25308
567,25553,Masama Kusini,25309
568,25553,Masama Rundugai,25310
569,25553,Kia,25311
570,25553,Bomang'ombe,25312
571,25553,Masama Mashariki,25313
572,25553,Masama Kati,25314
573,25553,Romu,25315
574,25553,Muungano,25316
575,25553,Bondeni,25317
576,25554,Ivaeny,25401
577,25554,Kashashi,25402
578,25554,Karansi,25403
579,25554,Gararagua,25404
580,25554,Sanya Juu,25405
581,25554,Biriri,25406
582,25554,Makiwaru,25407
583,25554,Olkolili,25408
584,25554,Livishi,25409
585,25554,Nasai,25410
586,25554,Ngarenairobi,25411
587,25554,Ndumeti,25412
588,25554,Songu,25413
589,25554,Ormelili,25414
590,25554,Donyomurwak,25415
591,25554,Miti Mirefu,25416
592,25554,Kirua,25417
593,25555,Jipe,25501
594,25555,Kigonigoni,25502
595,25555,Kivisini,25503
596,25555,Kwakoa,25504
597,25555,Toloha,25505
598,25555,Msangeni,25506
599,25555,Kifula,25507
600,25555,Mwaniko,25508
601,25555,Shighatini,25509
602,25555,Kileo,25510
603,25555,Mwanga,25511
604,25555,Lang'ata,25512
605,25555,Lembeni,25513
606,25555,Magagao,25514
607,25555,Ngujini,25515
608,25555,Kirya,25516
609,25555,Kilomeni,25517
610,25555,Kighare,25518
611,25555,Chomvu,25519
612,25555,Kirongwe,25520
613,25556,Same,25601
614,25556,Stesheni,25602
615,25556,Kisima,25603
616,25556,Ruvu,25604
617,25556,Njoro,25605
618,25556,Vumari,25606
619,25556,Mwembe,25607
620,25556,Mhezi,25608
621,25556,Vudee,25609
622,25556,Mshewa,25610
623,25556,Msindo,25611
624,25556,Kisiwani,25612
625,25556,Hedaru,25613
626,25556,Suji,25614
627,25556,Mabilioni,25615
628,25556,Chome,25616
629,25556,Makanya,25617
630,25556,Vunta,25618
631,25556,Maore,25619
632,25556,Ndungu,25620
633,25556,Kalemawe,25621
634,25556,Kihurio,25622
635,25556,Bendera,25623
636,25556,Kirangare,25624
637,25556,Bwambo,25625
638,25556,Myamba,25626
639,25556,Mpinji,25627
640,25556,Mtii,25628
641,25556,Lugulu,25629
642,25556,Bombo,25630
643,25556,Vuje,25631
644,25556,Bangalala,25632
645,25556,Gavao - Saweni,25633
646,25556,Tae,25634
647,25557,Mahida,25701
648,25557,Holili,25702
649,25557,Mamsera,25703
650,25557,Mengwe,25704
651,25557,Ngoyoni,25705
652,25557,Manda,25706
653,25557,Mengeni,25707
654,25557,Aleni,25708
655,25557,Makiidi,25709
656,25557,Shimbi,25710
657,25557,Kelamfua/Mokala,25711
658,25557,Ushiri/Ikuini,25712
659,25557,Mrao Keryo,25713
660,25557,Kirwakeni,25714
661,25557,Katangara/Mrere,25715
662,25557,Kisale Msaranga,25716
663,25557,Olele,25717
664,25557,Marangu Kitowo,25718
665,25557,Kirongo Samanga,25719
666,25557,Kitirima,25720
667,25557,Ubetu Kahe,25721
668,25557,Nanjara,25722
669,25557,Tarakea Motamburu,25723
670,25557,Chala,25724
671,25557,Shimbi Kwadele,25725
672,25557,Kingachi,25726
673,25557,Reha,25727
674,25561,Babati,27101
675,25561,Nangara,27102
676,25561,Bagara,27103
677,25561,Maisaka,27104
678,25561,Singe,27105
679,25561,Mutuka,27106
680,25561,Bonga,27107
681,25561,Sigino,27108
682,25562,Magugu,27201
683,25562,Mwada,27202
684,25562,Nkaiti,27203
685,25562,Magara,27204
686,25562,Dareda,27205
687,25562,Dabil,27206
688,25562,Bashnet,27207
689,25562,Nar,27208
690,25562,Ufana,27209
691,25562,Madunga,27210
692,25562,Endakiso,27211
693,25562,Gallapo,27212
694,25562,Qash,27214
695,25562,Riroda,27215
696,25562,Ayasanda,27216
697,25562,Gidas,27217
698,25562,Boay,27218
699,25562,Duru,27219
700,25562,Arri,27220
701,25562,Kiru,27221
702,25562,Mamire,27222
703,25562,Ayalagaya,27223
704,25562,Secheda,27224
705,25562,Kisangaji,27225
706,25562,Qameyu,27226
707,25563,Katesh,27301
708,25563,Ganana,27302
709,25563,Mogitu,27303
710,25563,Gendabi,27304
711,25563,Gitting,27305
712,25563,Nangwa,27306
713,25563,Dirma,27307
714,25563,Simbay,27308
715,25563,Hidet,27309
716,25563,Measkron,27310
717,25563,Endasiwold,27311
718,25563,Masakta,27312
719,25563,Masqaroda,27313
720,25563,Endasak,27314
721,25563,Gidahababieg,27315
722,25563,Sirop,27316
723,25563,Gisambalang,27317
724,25563,Lalaji,27318
725,25563,Balangdalalu,27319
726,25563,Gehandu,27320
727,25563,Laghanga,27321
728,25563,Getanuwas,27322
729,25563,Bassotu,27323
730,25563,Bassodesh,27324
731,25563,Hirbadaw,27325
732,25563,Wareta,27326
733,25563,Darwar,27327
734,25563,Ishponga,27328
735,25563,Garawja,27329
736,25563,Mulbadaw,27330
737,25563,Endagaw,27331
738,25563,Dumbeta,27332
739,25563,Jordon,27333
740,25564,Ayomohe,27401
741,25564,Sanu Baray,27402
742,25564,Imboru,27403
743,25564,Endagokot,27404
744,25564,Ayamaani,27405
745,25564,Uhuru,27406
746,25564,Bargish,27407
747,25564,Gehandu,27408
748,25564,Kainam,27409
749,25564,Nahasey,27410
750,25564,Nambis,27411
751,25564,Tlawi,27412
752,25564,Gunyoda,27413
753,25564,Daudi,27414
754,25564,Marangw,27415
755,25564,Masieda,27416
756,25564,Masqaroda,27417
757,25564,Yaeda Ampa,27418
758,25564,Muray,27419
759,25564,Tumati,27420
760,25564,Dongobesh,27421
761,25564,Dinamu,27423
762,25564,Bashay,27424
763,25564,Yaedachini,27425
764,25564,Endamilay,27426
765,25564,Maghang,27427
766,25564,Maretadu,27428
767,25564,Haydarer,27429
768,25564,Geterer,27430
769,25564,Haydom,27431
770,25564,Eshkesh,27432
771,25564,Gidhimu,27433
772,25564,Labay,27434
773,25564,Endahagichan,27435
774,25564,Silaloda,27436
775,25565,Kibaya,27501
776,25565,Bwagamoyo,27502
777,25565,Partimbo,27503
778,25565,Namelock,27504
779,25565,Njoro,27505
780,25565,Olboloti,27506
781,25565,Matui,27507
782,25565,Chapakazi,27508
783,25565,Engusero,27509
784,25565,Dosidosi,27510
785,25565,Songambele,27511
786,25565,Magungu,27512
787,25565,Sunya,27513
788,25565,Dongo,27514
789,25565,Lengatei,27515
790,25565,Kijungu,27516
791,25565,Loolera,27517
792,25565,Ndedo,27518
793,25565,Makame,27519
794,25565,Ndirgishi,27520
795,25565,Laiseri,27521
796,25565,Kaloleni,27522
797,25565,Bwawani,27523
798,25566,Orkesumet,27601
799,25566,Kitwai,27602
800,25566,Ruvu Remit,27603
801,25566,Loiborsoit,27604
802,25566,Naberera,27605
803,25566,Ngorika,27606
804,25566,Msitu Wa Tembo,27607
805,25566,Naisinyai,27608
806,25566,Mererani,27609
807,25566,Shambarai,27610
808,25566,Komolo,27611
809,25566,Oljoro Namba 5,27612
810,25566,Terrat,27613
811,25566,Emboreet,27614
812,25566,Loiborsiret,27615
813,25566,Endiamutu,27616
814,25566,Edonyongijape,27617
815,25566,Langai,27618
816,25571,Kalangalala,30101
817,25571,Kamhanga,30102
818,25571,Kasamwa,30103
819,25571,Ihanamilo,30104
820,25571,Nyakamwaga,30105
821,25571,Mtakuja,30106
822,25571,Kagu,30107
823,25571,Lubanga,30108
824,25571,Bulela,30109
825,25571,Nyamalimbe,30110
826,25571,Kamena,30111
827,25571,Busanda,30112
828,25571,Katoro,30113
829,25571,Nyakagomba,30114
830,25571,Chigunga,30115
831,25571,Nyachiluluma,30116
832,25571,Bukondo,30117
833,25571,Senga,30118
834,25571,Nkome,30119
835,25571,Nzera(Nzela),30120
836,25571,Bukoli,30121
837,25571,Nyarugusu,30122
838,25571,Lwamgasa,30123
839,25571,Kaseme,30124
840,25571,Butobela,30125
841,25571,Bujula,30126
842,25571,Nyamigota,30127
843,25571,Nyanguku,30128
844,25571,Bung'wangoko,30129
845,25571,Bugalama,30130
846,25571,Isulwabutundwe,30131
847,25571,Bugulula,30132
848,25571,Katoma,30133
849,25571,Lwenzera,30134
850,25571,Kakubilo,30135
851,25571,Nyalwanzaja,30136
852,25571,Nyaruyeye,30137
853,25571,Nyamwilolelwa,30138
854,25571,Magenge,30139
855,25571,Butundwe,30140
856,25571,Nyawilimilwa,30141
857,25571,Izumacheli,30142
858,25571,Nyamboge,30143
859,25571,Buhalahala,30144
860,25571,Nyankumbu,30145
861,25571,Mgusu,30146
862,25571,Kanyala,30147
863,25571,Shiloleli,30148
864,25571,Ludete,30149
865,25572,Nyang'hwale,30201
866,25572,Kakora,30202
867,25572,Busolwa,30203
868,25572,Nyugwa,30204
869,25572,Kharumwa,30205
870,25572,Kafita,30206
871,25572,Mwingiro,30207
872,25572,Shabaka,30208
873,25572,Bukwimba,30209
874,25572,Izunya,30210
875,25572,Nyijundu,30211
876,25572,Nyabulanda,30212
877,25572,Nundu,30213
878,25572,Nyamtukuza,30214
879,25572,Kaboha,30215
880,25573,Chato,30301
881,25573,Nyamirembe,30302
882,25573,Ilemela,30303
883,25573,Katende,30304
884,25573,Bukome,30305
885,25573,Kigongo,30306
886,25573,Muganza,30307
887,25573,Ichwankima,30308
888,25573,Kachwamba,30309
889,25573,Makurugusi,30310
890,25573,Buseresere,30311
891,25573,Bwanga,30312
892,25573,Bwera,30313
893,25573,Buziku,30314
894,25573,Kasenga,30315
895,25573,Bwongera,30316
896,25573,Muungano,30317
897,25573,Bwina,30318
898,25573,Ilyamchele,30319
899,25573,Nyarutembo,30320
900,25573,Iparamasa,30321
901,25573,Butengu Rumasa,30322
902,25573,Minkoto,30323
903,25574,Iponya,30401
904,25574,Bukandwe,30402
905,25574,Nhomolwa,30403
906,25574,Masumbwe,30404
907,25574,Nyakafuru,30405
908,25574,Lugunga,30406
909,25574,Ushirika,30407
910,25574,Ngemo,30408
911,25574,Nyasato,30409
912,25574,Mbogwe,30410
913,25574,Nanda,30411
914,25574,Ikunguigazi,30412
915,25574,Lulembela,30413
916,25574,Ilolangulu,30414
917,25574,Isebya,30415
918,25574,Ikobe,30416
919,25574,Bunigonzi,30417
920,25575,Bukombe,30501
921,25575,Lyambamgongo,30502
922,25575,Iyogelo,30503
923,25575,Bugelenga,30504
924,25575,Uyovu,30505
925,25575,Namonge,30506
926,25575,Busonzo,30507
927,25575,Runzewe Magharibi,30508
928,25575,Runzewe Mashariki,30509
929,25575,Nga€™Anzo,30510
930,25575,Igulwa,30511
931,25575,Ushirombo,30512
932,25575,Butizya,30513
933,25575,Katente,30514
934,25575,Bulangwa,30515
935,25575,Katome,30516
936,25575,Bulega,30517
937,25581,Mukendo,31101
938,25581,Mwigobero,31102
939,25581,Iringo,31103
940,25581,Kitaji,31104
941,25581,Kamunyonge,31105
942,25581,Mwisenge,31106
943,25581,Nyamatare,31107
944,25581,Nyasho,31108
945,25581,Nyakato,31109
946,25581,Makoko,31110
947,25581,Buhare,31111
948,25581,Kigera,31112
949,25581,Bweri,31113
950,25581,Rwamlimi,31114
951,25581,Kwangwa,31115
952,25581,Mshikamano,31116
953,25581,Mugango,31117
954,25581,Nyamrandirira,31118
955,25581,Nyambono,31119
956,25581,Bugoji,31120
957,25581,Bwasi,31121
958,25581,Suguti,31122
959,25581,Bukumi,31123
960,25581,Makojo,31124
961,25581,Tegeruka,31125
962,25581,Bugwema,31126
963,25581,Kiriba,31127
964,25581,Murangi,31128
965,25581,Musanja,31129
966,25581,Bukima,31130
967,25581,Rusoli,31131
968,25581,Busambara,31132
969,25581,Bulinga,31133
970,25581,Ifulifu,31134
971,25581,Etaro,31135
972,25581,Nyegina,31136
973,25581,Nyakatende,31137
974,25582,Butiama,31201
975,25582,Buruma,31202
976,25582,Bwiregi,31204
977,25582,Bukabwa,31205
978,25582,Muriaza,31206
979,25582,Masaba,31207
980,25582,Butuguri,31208
981,25582,Kukirango,31209
982,25582,Kyanyari,31213
983,25582,Buhemba,31223
984,25582,Nyamimange,31224
985,25582,Buswahili,31225
986,25582,Mirwa,31228
987,25582,Bisumwa,31230
988,25582,Busegwe,31231
989,25582,Sirorisimba,31232
990,25582,Nyankanga,31233
991,25582,Kamugegi,31235
992,25583,Bukura,31301
993,25583,Tai,31302
994,25583,Kitembe,31303
995,25583,Roche,31304
996,25583,Mkoma,31305
997,25583,Nyahongo,31306
998,25583,Nyamtinga,31307
999,25583,Nyamagaro,31308
1000,25583,Kirogo,31309
1001,25583,Kigunga,31310
1002,25583,Mirare,31311
1003,25583,Goribe,31312
1004,25583,Ikoma,31313
1005,25583,Koryo,31314
1006,25583,Bukwe,31315
1007,25583,Nyathorogo,31316
1008,25583,Kyang'ombe,31317
1009,25583,Nyamunga,31318
1010,25583,Komuge,31319
1011,25583,Rabour,31320
1012,25583,Kisumwa,31321
1013,25583,Kinyenche,31322
1014,25583,Kyangasaga,31323
1015,25583,Baraki,31324
1016,25583,Nyaburongo,31325
1017,25583,Raranya,31326
1018,25584,Bomani,31401
1019,25584,Sabasaba,31402
1020,25584,Nyamisangura,31403
1021,25584,Turwa,31404
1022,25584,Nyandoto,31405
1023,25584,Bumera,31406
1024,25584,Susuni,31407
1025,25584,Mwema,31408
1026,25584,Sirari,31409
1027,25584,Binagi,31410
1028,25584,Kibasuka,31411
1029,25584,Matongo,31412
1030,25584,Manga,31413
1031,25584,Pemba,31414
1032,25584,Nyakonga,31415
1033,25584,Nyarero,31416
1034,25584,Nyamwaga,31417
1035,25584,Nyarukoba,31418
1036,25584,Kemambo,31419
1037,25584,Muriba,31420
1038,25584,Nyanungu,31421
1039,25584,Gorong'a,31422
1040,25584,Gwitiryo,31423
1041,25584,Mbogi,31424
1042,25584,Kiore,31425
1043,25584,Komaswa,31426
1044,25584,Nyasincha,31427
1045,25584,Itiryo,31428
1046,25584,Katere,31429
1047,25584,Ganyange,31430
1048,25584,Nkende,31431
1049,25584,Kenyamanyori,31432
1050,25584,Regicheri,31433
1051,25584,Kwihancha,31434
1052,25585,Bunda Mjini,31501
1053,25585,Bunda Stoo,31502
1054,25585,Balili,31503
1055,25585,Nyasura,31504
1056,25585,Guta,31505
1057,25585,Kabasa,31506
1058,25585,Kunzugu,31507
1059,25585,Mcharo,31508
1060,25585,Sazira,31509
1061,25585,Wariku,31510
1062,25585,Nyamuswa,31511
1063,25585,Hunyari,31512
1064,25585,Mugeta,31513
1065,25585,Mihingo,31514
1066,25585,Salama,31515
1067,25585,Butimba,31516
1068,25585,Namhula,31517
1069,25585,Neruma,31518
1070,25585,Iramba,31519
1071,25585,Kibara,31520
1072,25585,Nansimo,31521
1073,25585,Igundu,31522
1074,25585,Kisorya,31523
1075,25585,Nyamang'uta,31524
1076,25585,Ketare,31525
1077,25585,Kasuguti,31526
1078,25585,Chitengule,31527
1079,25585,Nampindi,31528
1080,25585,Nyamihoro,31529
1081,25585,Kabarimu,31530
1082,25585,Nyamakokoto,31531
1083,25585,Manyamanyama,31532
1084,25586,Mugumu,31602
1085,25586,Stendi Kuu,31603
1086,25586,Geitasamo,31604
1087,25586,Morotonga,31605
1088,25586,Uwanja Wa Ndege,31606
1089,25586,Nyamoko,31607
1090,25586,Kyambahi,31608
1091,25586,Manchira,31609
1092,25586,Kisangura,31610
1093,25586,Machochwe,31611
1094,25586,Rung'abure,31612
1095,25586,Kebanchabancha,31613
1096,25586,Ring'wani,31614
1097,25586,Nyamatare,31615
1098,25586,Natta,31616
1099,25586,Issenye,31617
1100,25586,Rigicha,31618
1101,25586,Nyambureti,31619
1102,25586,Kenyamonta,31620
1103,25586,Busawe,31621
1104,25586,Kisaka,31622
1105,25586,Ikoma,31623
1106,25586,Mbalibali,31624
1107,25586,Sedeco,31625
1108,25586,Nyansurura,31626
1109,25586,Magange,31627
1110,25586,Mosongo,31628
1111,25586,Majimoto,31629
1112,25586,Nagusi,31630
1113,25586,Moguteni,31631
1114,25586,Matare,31632
1115,25591,Nyamagana,33101
1116,25591,Pamba,33102
1117,25591,Mirongo,33103
1118,25591,Isamilo,33104
1119,25591,Mbugani,33105
1120,25591,Igogo,33109
1121,25591,Mkuyuni,33110
1122,25591,Mabatini,33111
1123,25591,Mkolani,33112
1124,25591,Luchelele,33113
1125,25591,Buhongwa,33114
1126,25591,Lwanhima,33115
1127,25591,Butimba,33116
1128,25591,Nyegezi,33117
1129,25591,Igoma,33118
1130,25591,Kishili,33119
1131,25591,Mahina,33120
1132,25591,Mhandu,33121
1133,25592,Nyakato,33201
1134,25592,Buswelu,33204
1135,25592,Ilemela,33205
1136,25592,Pasiansi,33206
1137,25592,Bugogwa,33207
1138,25592,Sangabuye,33209
1139,25592,Mecco,33212
1140,25592,Buzuruga,33213
1141,25592,Nyasaka,33214
1142,25592,Kahama,33215
1143,25592,Kiseke,33216
1144,25592,Kayenze,33217
1145,25592,Shibula,33218
1146,25592,Kawekamo,33219
1147,25592,Kitangiri,33220
1148,25592,Kirumba,33221
1149,25592,Nyamanoro,33222
1150,25592,Ibungilo,33223
1151,25592,Nyamhongolo,33224
1152,25593,Ibisabageni,33301
1153,25593,Nyatukara,33302
1154,25593,Nyampulukano,33303
1155,25593,Mwabaluhi,33304
1156,25593,Kafunzo,33305
1157,25593,Bupandwa,33306
1158,25593,Katwe,33307
1159,25593,Kalebezo,33308
1160,25593,Nyehunge,33309
1161,25593,Maisome,33310
1162,25593,Nyakasasa,33311
1163,25593,Lugata,33312
1164,25593,Nyakaliro,33313
1165,25593,Nyakasungwa,33314
1166,25593,Kazunzu,33315
1167,25593,Nyanzenda,33316
1168,25593,Sima,33317
1169,25593,Buzilasoga,33318
1170,25593,Tabaruka,33319
1171,25593,Busisi,33320
1172,25593,Igalula,33321
1173,25593,Kagunga,33322
1174,25593,Kasungamile,33323
1175,25593,Nyamazugo,33324
1176,25593,Chifunfu,33325
1177,25593,Bulyaheke,33326
1178,25593,Irenza,33327
1179,25593,Igulumuki,33328
1180,25593,Kishinda,33329
1181,25593,Nyampande,33330
1182,25593,Kasenyi,33331
1183,25593,Katunguru,33332
1184,25593,Buyagu,33333
1185,25593,Nyamatongo,33334
1186,25593,Bitoto,33335
1187,25593,Kahumulo,33336
1188,25593,Nyamizeze,33337
1189,25593,Mission,33338
1190,25593,Ibondo,33339
1191,25593,Luhuza,33340
1192,25593,Uharanyonga,33341
1193,25593,Bugoro,33342
1194,25593,Bukokwa,33343
1195,25593,Kasisa,33344
1196,25593,Bangwe,33345
1197,25593,Iligamba,33346
1198,25593,Ngoma,33347
1199,25594,Magu Mjini,33401
1200,25594,Nyigogo,33402
1201,25594,Sukuma,33403
1202,25594,Mwamabanza,33404
1203,25594,Kahangara,33405
1204,25594,Kitongo Sima,33406
1205,25594,Mwamanga,33407
1206,25594,Nyanguge,33408
1207,25594,Kisesa,33409
1208,25594,Bujashi,33410
1209,25594,Lutale,33411
1210,25594,Kongolo,33412
1211,25594,Ng'haya,33413
1212,25594,Nkungulu,33414
1213,25594,Shishani,33415
1214,25594,Lubugu,33416
1215,25594,Kandawe,33417
1216,25594,Buhumbi,33418
1217,25594,Bujora,33419
1218,25594,Bukandwe,33420
1219,25594,Chabula,33421
1220,25594,Kabila,33422
1221,25594,Jinjimili,33423
1222,25594,Itumbili,33424
1223,25594,Isandula,33425
1224,25595,Nhundulu,33501
1225,25595,Misasi,33502
1226,25595,Busongo,33503
1227,25595,Shilalo,33504
1228,25595,Buhingo,33505
1229,25595,Kasololo,33506
1230,25595,Kijima,33507
1231,25595,Ilujamate,33508
1232,25595,Mbarika,33509
1233,25595,Sumbugu,33510
1234,25595,Lubili,33511
1235,25595,Missungwi,33512
1236,25595,Koromije,33513
1237,25595,Igokelo,33514
1238,25595,Mwaniko,33515
1239,25595,Kanyelele,33516
1240,25595,Usagara,33517
1241,25595,Ukiliguru,33518
1242,25595,Bulemeji,33519
1243,25595,Idetemya,33520
1244,25595,Mabuki,33521
1245,25595,Mamaye,33522
1246,25595,Mondo,33523
1247,25595,Fella,33524
1248,25595,Isengengeja,33525
1249,25595,Gulumungu,33526
1250,25595,Isesa,33527
1251,25596,Nansio,33601
1252,25596,Kagera,33602
1253,25596,Nakatunguru,33603
1254,25596,Kakerege,33604
1255,25596,Bukongo,33605
1256,25596,Bukanda,33606
1257,25596,Namagondo,33607
1258,25596,Nkilizya,33608
1259,25596,Ngoma,33609
1260,25596,Mukituntu,33610
1261,25596,Nduruma,33611
1262,25596,Murutunguru,33612
1263,25596,Kagunguli,33613
1264,25596,Bukindo,33614
1265,25596,Ilangala,33615
1266,25596,Bwiro,33616
1267,25596,Muriti,33617
1268,25596,Namilembe,33618
1269,25596,Igalla,33619
1270,25596,Bwisya,33620
1271,25596,Bukungu,33621
1272,25596,Nyamanga,33622
1273,25596,Bukiko,33623
1274,25596,Irugwa,33624
1275,25596,Kakukuru,33625
1276,25597,Ngudu,33801
1277,25597,Igongwa,33802
1278,25597,Walla,33803
1279,25597,Mwandu,33804
1280,25597,Malya,33805
1281,25597,Lyoma,33806
1282,25597,Mwang'halanga,33807
1283,25597,Ng'hundi,33808
1284,25597,Mwagi,33809
1285,25597,Nyambiti,33810
1286,25597,Maligisu,33811
1287,25597,Iseni,33812
1288,25597,Bungulwa,33813
1289,25597,Sumve,33814
1290,25597,Mantare,33815
1291,25597,Ngulla,33816
1292,25597,Mwabomba,33817
1293,25597,Nyamilama,33818
1294,25597,Mwakilyambiti,33819
1295,25597,Hungumalwa,33820
1296,25597,Mwamala,33821
1297,25597,Fukalo,33822
1298,25597,Bupamwa,33823
1299,25597,Kikubiji,33824
1300,25597,Mhande,33825
1301,25597,Nkalalo,33826
1302,25597,Shilembo,33827
1303,25597,Ilula,33828
1304,25597,Mwankulwe,33829
1305,25597,Bugando,33830
1306,25601,Bakoba,35101
1307,25601,Bilele,35102
1308,25601,Buhembe,35103
1309,25601,Hamugembe,35104
1310,25601,Ijuganyondo,35105
1311,25601,Kagondo,35106
1312,25601,Kahororo,35107
1313,25601,Kashai,35108
1314,25601,Kibeta,35109
1315,25601,Kitendaguro,35110
1316,25601,Miembeni,35111
1317,25601,Nshambya,35112
1318,25601,Nyanga,35113
1319,25601,Rwamishenye,35114
1320,25602,Behendangabo,35201
1321,25602,Kaagya,35202
1322,25602,Kishanje,35203
1323,25602,Rubafu,35204
1324,25602,Nyakato,35205
1325,25602,Katoro,35206
1326,25602,Bujugo,35207
1327,25602,Katerero,35208
1328,25602,Kyamulaile,35209
1329,25602,Mikoni,35210
1330,25602,Nyakibimbili,35211
1331,25602,Kasharu,35212
1332,25602,Ibwera,35213
1333,25602,Kaibanja,35214
1334,25602,Kibirizi,35215
1335,25602,Butelankuzi,35216
1336,25602,Ruhunga,35217
1337,25602,Kikomelo,35218
1338,25602,Izimbya,35219
1339,25602,Rubale,35220
1340,25602,Katoma,35221
1341,25602,Karabagaine,35222
1342,25602,Maruku,35223
1343,25602,Kanyangereko,35224
1344,25602,Kemondo,35225
1345,25602,Kishogo,35226
1346,25602,Mugajwale,35227
1347,25602,Rukoma,35229
1348,25602,Kyaitoke,35230
1349,25603,Ishozi,35301
1350,25603,Bwanjai,35302
1351,25603,Ishunju,35303
1352,25603,Buyango,35304
1353,25603,Ruzinga,35305
1354,25603,Bugandika,35306
1355,25603,Kitobo,35307
1356,25603,Gera,35308
1357,25603,Kanyigo,35309
1358,25603,Kashenye,35310
1359,25603,Bugorora,35311
1360,25603,Kyaka,35312
1361,25603,Kilimilile,35313
1362,25603,Kassambya,35314
1363,25603,Minziro,35315
1364,25603,Nsunga,35316
1365,25603,Kakunyu,35317
1366,25603,Mushasha,35318
1367,25603,Mabale,35319
1368,25603,Mutukula,35320
1369,25604,Ndama,35401
1370,25604,Kayanga,35402
1371,25604,Nyakahanga,35403
1372,25604,Bugene,35404
1373,25604,Ihanda,35405
1374,25604,Kihanga,35406
1375,25604,Rugu,35407
1376,25604,Nyaishozi,35408
1377,25604,Nyakasimbi,35409
1378,25604,Ihembe,35410
1379,25604,Kiruruma,35411
1380,25604,Bweranyange,35412
1381,25604,Kibondo,35413
1382,25604,Nyabiyonza,35414
1383,25604,Nyakakika,35415
1384,25604,Kituntu,35416
1385,25604,Igurwa,35417
1386,25604,Kanoni,35429
1387,25604,Chonyonyo,35437
1388,25604,Nyakabanga,35438
1389,25604,Rugera,35439
1390,25604,Chanika,35440
1391,25604,Kamagambo,35442
1392,25604,Nyakahanga,35443
1393,25604,Ndama,35444
1394,25604,Ihanda,35445
1395,25605,Muleba,35501
1396,25605,Ngenge,35503
1397,25605,Izigo,35504
1398,25605,Muhutwe,35505
1399,25605,Mayondwe,35506
1400,25605,Bumbire,35507
1401,25605,Kagoma,35508
1402,25605,Goziba,35509
1403,25605,Kamachumu,35510
1404,25605,Bulyakashaju,35511
1405,25605,Ruhanga,35512
1406,25605,Ibuga,35513
1407,25605,Burungura,35514
1408,25605,Kibanga,35515
1409,25605,Ikondo,35516
1410,25605,Bureza,35517
1411,25605,Mazinga,35518
1412,25605,Nshamba,35519
1413,25605,Kishanda,35520
1414,25605,Biirabo,35521
1415,25605,Ijumbi,35522
1416,25605,Buganguzi,35523
1417,25605,Kashasha,35524
1418,25605,Kimwani,35525
1419,25605,Karambi,35526
1420,25605,Kasharunga,35527
1421,25605,Mubunda,35528
1422,25605,Kyebitembe,35529
1423,25605,Kabirizi,35530
1424,25605,Magata/Karutanga,35531
1425,25605,Nyakatanga,35532
1426,25605,Rutoro,35533
1427,25605,Katoke,35534
1428,25605,Kikuku,35535
1429,25605,Kerebe,35536
1430,25605,Mafumbo,35537
1431,25605,Buhangaza,35538
1432,25605,Gwanseli,35539
1433,25605,Ikuza,35540
1434,25605,Nyakabango,35541
1435,25605,Rulanda,35542
1436,25605,Bisheke,35543
1437,25605,Mushabago,35544
1438,25606,Biharamulo Mjini,35601
1439,25606,Nyakahura,35602
1440,25606,Lusahunga,35603
1441,25606,Kalenge,35604
1442,25606,Nyabusozi,35605
1443,25606,Nyarubungo,35606
1444,25606,Runazi,35607
1445,25606,Nyamigogo,35608
1446,25606,Kaniha,35609
1447,25606,Nyantakara,35610
1448,25606,Nyamahanga,35611
1449,25606,Ruziba,35612
1450,25606,Kabindi,35613
1451,25606,Bisibo,35614
1452,25606,Nemba,35615
1453,25606,Nyanza,35616
1454,25606,Katahoka,35617
1455,25607,Ngara Mjini,35701
1456,25607,Rusumo,35702
1457,25607,Nyamiaga,35703
1458,25607,Ntobeye,35704
1459,25607,Kibimba,35705
1460,25607,Kanazi,35706
1461,25607,Mugoma,35707
1462,25607,Mabawe,35708
1463,25607,Kabanga,35709
1464,25607,Murusagamba,35710
1465,25607,Muganza,35711
1466,25607,Nyakisasa,35712
1467,25607,Rulenge,35713
1468,25607,Bukiriro,35714
1469,25607,Bugarama,35715
1470,25607,Keza,35716
1471,25607,Kirushya,35717
1472,25607,Kasulo,35718
1473,25607,Murukurazo,35719
1474,25607,Mbuba,35720
1475,25607,Nyamagoma,35721
1476,25607,Kibogora,35722
1477,25608,Kyerwa,35801
1478,25608,Isingiro,35802
1479,25608,Kaisho,35803
1480,25608,Rutunguru,35804
1481,25608,Kibare,35805
1482,25608,Bugomora,35806
1483,25608,Kibingo,35807
1484,25608,Murongo,35808
1485,25608,Nyaruzumbura,35809
1486,25608,Businde,35810
1487,25608,Bugara,35811
1488,25608,Mabira,35812
1489,25608,Nyakatuntu,35813
1490,25608,Kamuli,35814
1491,25608,Kitwe,35815
1492,25608,Kimuli,35816
1493,25608,Kakanja,35817
1494,25608,Kikukuru,35818
1495,25608,Rwabwere,35819
1496,25608,Iteera,35820
1497,25608,Nkwenda,35821
1498,25608,Rukuraijo,35822
1499,25608,Kitwechenchura,35823
1500,25608,Songambele,35824
1501,25611,Mjini,37101
1502,25611,Kambarage,37102
1503,25611,Ngokolo,37103
1504,25611,Chamaguha,37104
1505,25611,Kitangili,37105
1506,25611,Ibinzamata,37106
1507,25611,Ndala,37107
1508,25611,Kizumbi,37108
1509,25611,Mwawaza,37109
1510,25611,Chibe,37111
1511,25611,Mwamalili,37112
1512,25611,Ibadakuli,37113
1513,25611,Kolandoto,37114
1514,25611,Lubaga,37115
1515,25611,Masekelo,37116
1516,25611,Ndembezi,37117
1517,25611,Old Shinyanga,37118
1518,25612,Samuye,37201
1519,25612,Mwamala,37202
1520,25612,Usule,37203
1521,25612,Imesela,37204
1522,25612,Ilola,37205
1523,25612,Lyabukande,37206
1524,25612,Iselamagazi,37207
1525,25612,Pandagichiza,37208
1526,25612,Usanda,37209
1527,25612,Tinde,37210
1528,25612,Itwangi,37211
1529,25612,Didia,37212
1530,25612,Solwa,37213
1531,25612,Salawe,37214
1532,25612,Mwakitolyo,37215
1533,25612,Puni,37219
1534,25612,Nyida,37220
1535,25612,Nsalala,37221
1536,25612,Bukene,37222
1537,25612,Masengwa,37223
1538,25612,Mwalukwa,37224
1539,25612,Nyamalogo,37225
1540,25612,Lyamidati,37226
1541,25612,Mwenge,37227
1542,25612,Lyabusalu,37228
1543,25612,Mwantini,37229
1544,25613,Majengo,37301
1545,25613,Nyasubi,37302
1546,25613,Nyahanga,37303
1547,25613,Kahama Mjini,37304
1548,25613,Malunga,37305
1549,25613,Mwandakulima,37306
1550,25613,Nyihogo,37307
1551,25613,Mhungula,37308
1552,25613,Zongomera,37309
1553,25613,Mhongolo,37310
1554,25613,Bugarama,37311
1555,25613,Bulyan'hulu,37312
1556,25613,Lunguya,37313
1557,25613,Segese,37314
1558,25613,Mega,37315
1559,25613,Chela,37316
1560,25613,Busangi,37317
1561,25613,Ngogwa,37318
1562,25613,Wendele,37319
1563,25613,Bulige,37320
1564,25613,Kashishi,37321
1565,25613,Kinaga,37322
1566,25613,Mwanase,37323
1567,25613,Isagehe,37324
1568,25613,Mondo,37325
1569,25613,Kagongwa,37326
1570,25613,Mwalugulu,37327
1571,25613,Jana,37328
1572,25613,Isaka,37329
1573,25613,Busoka,37330
1574,25613,Nyandekwa,37331
1575,25613,Kilago,37332
1576,25613,Iyenze,37333
1577,25613,Ntobo,37334
1578,25613,Ngaya,37335
1579,25613,Ikinda,37336
1580,25613,Shilela,37337
1581,25613,Mwakata,37338
1582,25613,Chona,37339
1583,25613,Chambo,37340
1584,25613,Kisuke,37341
1585,25613,Nyamilangano,37342
1586,25613,Mapamba,37343
1587,25613,Bukomela,37344
1588,25613,Ukune,37345
1589,25613,Igunda,37346
1590,25613,Kinamapula,37347
1591,25613,Igwamanoni,37348
1592,25613,Mpunze,37349
1593,25613,Sabasabini,37350
1594,25613,Idahina,37351
1595,25613,Bulungwa,37352
1596,25613,Nyankende,37353
1597,25613,Ulewe,37354
1598,25613,Ushetu,37355
1599,25613,Uyogo,37356
1600,25613,Ulowa,37357
1601,25613,Ubagwe,37358
1602,25614,Kishapu,37501
1603,25614,Uchunga,37502
1604,25614,Mwamashele,37503
1605,25614,Shagihilu,37504
1606,25614,Mwakipoya,37505
1607,25614,Somagendi,37506
1608,25614,Mwamalasa,37507
1609,25614,Masanga,37508
1610,25614,Lagana,37509
1611,25614,Ngofila,37510
1612,25614,Kiloleli,37511
1613,25614,Itilima,37512
1614,25614,Talaga,37513
1615,25614,Ukenyenge,37514
1616,25614,Mwadui Lohumbo,37515
1617,25614,Songwa,37516
1618,25614,Mondo,37517
1619,25614,Seke Bugoro,37518
1620,25614,Bubiki,37519
1621,25614,Bunambiyu,37520
1622,25614,Maganzo,37521
1623,25614,Mwaweja,37522
1624,25614,Bupipi,37523
1625,25614,Busangwa,37524
1626,25614,Mwataga,37525
1627,25614,Ndoleleji,37526
1628,25614,Mwasubi,37527
1629,25614,Igaga,37528
1630,25614,Idukilo,37529
1631,25621,Bariadi,39101
1632,25621,Bunamhala,39102
1633,25621,Somanda,39103
1634,25621,Sima,39104
1635,25621,Malambo,39105
1636,25621,Sakwe,39106
1637,25621,Mhango,39107
1638,25621,Kasoli,39108
1639,25621,Kilalo,39109
1640,25621,Gambosi,39110
1641,25621,Ngulyati,39111
1642,25621,Nkololo,39112
1643,25621,Mwaubingi,39113
1644,25621,Mwadobana,39114
1645,25621,Nkindwabiye,39115
1646,25621,Mwaumatondo,39116
1647,25621,Dutwa,39117
1648,25621,Gilya,39118
1649,25621,Sapiwi,39119
1650,25621,Matongo,39120
1651,25621,Nyakabindi,39121
1652,25621,Ikungulyabashashi,39122
1653,25621,Guduwi,39123
1654,25621,Isanga,39124
1655,25621,Nyangokolwa,39125
1656,25621,Masewa,39127
1657,25621,Mwasubuya,39128
1658,25621,Itubukilo,39129
1659,25621,Ihusi,39130
1660,25621,Gibishi,39131
1661,25621,Benemhi,39132
1662,25622,Lagangabilili,39201
1663,25622,Budalabujiga,39202
1664,25622,Mhunze,39203
1665,25622,Migato,39204
1666,25622,Ndolelezi,39205
1667,25622,Chinamili,39206
1668,25622,Bumera,39207
1669,25622,Ikindilo,39208
1670,25622,Sagata,39209
1671,25622,Mwamtani,39210
1672,25622,Nkuyu,39211
1673,25622,Mwaswale,39212
1674,25622,Nkoma,39213
1675,25622,Mwalushu,39214
1676,25622,Nyamalapa,39215
1677,25622,Mwamapalala,39216
1678,25622,Luguru,39217
1679,25622,Nhobora,39218
1680,25622,Kinanga€™Weli,39219
1681,25622,Mbita,39220
1682,25622,Sawida,39221
1683,25622,Zagayu,39222
1684,25623,Buchambi,39301
1685,25623,Zanzui,39302
1686,25623,Mwamashimba,39303
1687,25623,Isanga,39304
1688,25623,Masela,39305
1689,25623,Seng'wa,39306
1690,25623,Lalago,39307
1691,25623,Dakama,39308
1692,25623,Budekwa,39309
1693,25623,Busilili,39310
1694,25623,Sukuma,39311
1695,25623,Ng'wigwa,39312
1696,25623,Ngulinguli,39313
1697,25623,Mwamanenge,39314
1698,25623,Mpindo,39315
1699,25623,Senani,39316
1700,25623,Ipililo,39317
1701,25623,Binza,39318
1702,25623,Nyalikungu,39319
1703,25623,Malampaka,39320
1704,25623,Badi,39321
1705,25623,Nyabubinza,39322
1706,25623,Mwan'honoli,39323
1707,25623,Kulimi,39324
1708,25623,Kadoto,39325
1709,25623,Shishiyu,39326
1710,25623,Busangi,39327
1711,25623,Jija,39328
1712,25623,Mbaragane,39329
1713,25623,Sangamwalugesha,39330
1714,25623,Mwabaratulu,39331
1715,25623,Bugarama,39332
1716,25623,Mataba,39333
1717,25623,Mwabayanda,39334
1718,25623,Sola,39335
1719,25623,Shanwa,39336
1720,25624,Lubiga,39401
1721,25624,Mwandoya,39402
1722,25624,Mwakisandu,39403
1723,25624,Mwabusalu,39404
1724,25624,Sakasaka,39405
1725,25624,Tindabuligi,39406
1726,25624,Lingeka,39407
1727,25624,Mwasengela,39408
1728,25624,Mwabuma,39409
1729,25624,Kisesa,39410
1730,25624,Itinje,39411
1731,25624,Mwanhuzi,39412
1732,25624,Mwanyahina,39413
1733,25624,Mwamishali,39414
1734,25624,Kimali,39415
1735,25624,Mwangudo,39416
1736,25624,Nkoma,39417
1737,25624,Imalaseko,39418
1738,25624,Ng'hoboko,39419
1739,25624,Mwamanongu,39420
1740,25624,Mwamalole,39421
1741,25624,Mwamanimba,39422
1742,25624,Bukundi,39423
1743,25624,Mwabuzo,39424
1744,25624,Mwanjolo,39425
1745,25624,Isengwa,39426
1746,25624,Mbugayabanghya,39427
1747,25624,Mbushi,39428
1748,25624,Kabondo,39429
1749,25625,Kabita,39501
1750,25625,Mwamanyili,39502
1751,25625,Kiloleli,39503
1752,25625,Nyaluhande,39504
1753,25625,Badugu,39505
1754,25625,Shigala,39506
1755,25625,Kalemela,39507
1756,25625,Mkula,39508
1757,25625,Igalukilo,39509
1758,25625,Malili,39510
1759,25625,Ngasamo,39511
1760,25625,Nyashimo,39512
1761,25625,Lamadi,39513
1762,25625,Lutubiga,39514
1763,25625,Imalamate,39515
1764,25531,Uhuru,41101
1765,25531,Viwandani,41102
1766,25531,Madukani,41103
1767,25531,Tambukareli,41104
1768,25531,Makole,41105
1769,25531,Majengo,41106
1770,25531,Dodoma Makulu,41107
1771,25531,Hazina,41108
1772,25531,Chamwino,41109
1773,25531,Kilimani,41110
1774,25531,Kikuyu Kaskazini,41111
1775,25531,Kikuyu Kusini,41112
1776,25531,Miyuji,41113
1777,25531,Kizota,41114
1778,25531,Kiwanja Cha Ndege,41115
1779,25531,Mkonze,41116
1780,25531,Nkuhungu,41117
1781,25531,Ihumwa,41118
1782,25531,Ng'onng'onha,41119
1783,25531,Matumbulu,41120
1784,25532,Makutopora,41201
1785,25532,Ipala,41202
1786,25532,Chihanga,41203
1787,25532,Hombolo Bwawani,41204
1788,25532,Msalato,41205
1789,25532,Kikombo,41206
1790,25532,Mtumba,41207
1791,25532,Zuzu,41208
1792,25532,Nala,41209
1793,25532,Mbabala,41210
1794,25532,Mbalawala,41211
1795,25532,Mpunguzi,41212
1796,25532,Mnadani,41213
1797,25532,Chigongwe,41214
1798,25532,Chahwa,41215
1799,25532,Chang'ombe,41216
1800,25532,Ipagala,41217
1801,25532,Iyumbu,41218
1802,25532,Ntyuka,41219
1803,25532,Nzuguni,41220
1804,25532,Hombolo Makulu,41221
1805,25533,Bahi,41301
1806,25533,Ibihwa,41302
1807,25533,Ilindi,41303
1808,25533,Kigwe,41304
1809,25533,Mpamamtwa,41305
1810,25533,Chali,41306
1811,25533,Chikola,41307
1812,25533,Chipanga,41308
1813,25533,Nondwa,41309
1814,25533,Mpalanga,41310
1815,25533,Lamaiti,41311
1816,25533,Makanda,41312
1817,25533,Msisi,41313
1818,25533,Mundemu,41314
1819,25533,Zanka,41315
1820,25533,Chibelela,41316
1821,25533,Ibugule,41317
1822,25533,Mtitaa,41318
1823,25533,Mwitikira,41319
1824,25533,Chifutuka,41320
1825,25533,Mpinga,41321
1826,25533,Babayu,41322
1827,25534,Chilonwa,41401
1828,25534,Buigiri,41402
1829,25534,Majeleko,41403
1830,25534,Manchali,41404
1831,25534,Msanga,41405
1832,25534,Msamalo,41406
1833,25534,Ikowa,41407
1834,25534,Membe,41408
1835,25534,Dabalo,41409
1836,25534,Haneti,41410
1837,25534,Itiso,41411
1838,25534,Segala,41412
1839,25534,Mvumi Misheni,41413
1840,25534,Handali,41414
1841,25534,Idifu,41415
1842,25534,Igandu,41416
1843,25534,Muungano,41417
1844,25534,Mvumi Makulu,41418
1845,25534,Fufu,41419
1846,25534,Iringa Mvumi,41420
1847,25534,Makang'wa,41421
1848,25534,Manzase,41422
1849,25534,Mlowa Bwawani,41423
1850,25534,Mpwayungu,41424
1851,25534,Chinugulu,41425
1852,25534,Huzi,41426
1853,25534,Manda,41427
1854,25534,Nghambaku,41428
1855,25534,Zajilwa,41430
1856,25534,Chiboli,41431
1857,25534,Loje,41432
1858,25534,Nhinhi,41433
1859,25534,Chamwino,41434
1860,25534,Nghaheleze,41435
1861,25534,Ikombolinga,41436
1862,25534,Mlowa Barabarani,41437
1863,25535,Kongwa,41501
1864,25535,Ugogoni,41502
1865,25535,Sagara,41503
1866,25535,Iduo,41504
1867,25535,Mlali,41505
1868,25535,Chamkoroma,41506
1869,25535,Pandambili,41507
1870,25535,Kibaigwa,41508
1871,25535,Mtanana,41509
1872,25535,Njoge,41510
1873,25535,Sejeli,41511
1874,25535,Hogoro,41512
1875,25535,Mkoka,41513
1876,25535,Zoissa,41514
1877,25535,Chitego,41515
1878,25535,Matongoro,41516
1879,25535,Makawa,41517
1880,25535,Songambele,41518
1881,25535,Nghumbi,41519
1882,25535,Lenjulu,41520
1883,25535,Chiwe,41521
1884,25535,Ngomai,41522
1885,25536,Mpwapwa Mjini,41601
1886,25536,Mazae,41602
1887,25536,Ving'hawe,41603
1888,25536,Gulwe,41604
1889,25536,Kimagai,41605
1890,25536,Berege,41606
1891,25536,Chunyu,41607
1892,25536,Nghambi,41608
1893,25536,Lupeta,41609
1894,25536,Chitemo,41610
1895,25536,Wotta,41611
1896,25536,Kingiti,41612
1897,25536,Kibakwe,41613
1898,25536,Godegode,41614
1899,25536,Matomondo,41615
1900,25536,Pwaga,41616
1901,25536,Lumuma,41617
1902,25536,Luhundwa,41618
1903,25536,Mlunduzi,41619
1904,25536,Mima,41620
1905,25536,Rudi,41621
1906,25536,Massa,41622
1907,25536,Mbuga,41623
1908,25536,Ipera,41624
1909,25536,Iwondo,41625
1910,25536,Lufu,41626
1911,25536,Galigali,41627
1912,25536,Malolo,41628
1913,25536,Mtera,41629
1914,25536,Chipogoro,41630
1915,25536,Mlembule,41631
1916,25536,Wangi,41632
1917,25536,Mang'aliza,41633
1918,25537,Kondoa Mjini,41701
1919,25537,Suruke,41702
1920,25537,Kingale,41703
1921,25537,Kolo,41704
1922,25537,Kilimani,41705
1923,25537,Chemchem,41706
1924,25537,Thawi,41707
1925,25537,Soera,41708
1926,25537,Mnenia,41709
1927,25537,Masange,41710
1928,25537,Kikilo,41711
1929,25537,Kisese,41712
1930,25537,Kikore,41713
1931,25537,Pahi,41714
1932,25537,Bumbuta,41715
1933,25537,Busi,41716
1934,25537,Kalamba,41717
1935,25537,Haubi,41718
1936,25537,Kwadelo,41719
1937,25537,Itaswi,41720
1938,25537,Itololo,41721
1939,25537,Kinyasi,41722
1940,25537,Hondomairo,41723
1941,25537,Bereko,41724
1942,25537,Salanka,41725
1943,25537,Keikei,41726
1944,25537,Serya,41727
1945,25537,Bolisa,41728
1946,25537,Changaa,41729
1947,25538,Chemba,41801
1948,25538,Chandama,41802
1949,25538,Mrijo,41803
1950,25538,Goima,41804
1951,25538,Paranga,41805
1952,25538,Gwandi,41806
1953,25538,Farkwa,41807
1954,25538,Kwamtoro,41808
1955,25538,Lalta,41809
1956,25538,Ovada,41810
1957,25538,Sanzawa,41811
1958,25538,Mpendo,41812
1959,25538,Makorongo,41813
1960,25538,Mondo,41814
1961,25538,Dalai,41815
1962,25538,Jangalo,41816
1963,25538,Churuku,41817
1964,25538,Msaada,41818
1965,25538,Songolo,41819
1966,25538,Soya,41820
1967,25538,Kimaha,41821
1968,25538,Kidoka,41822
1969,25538,Babayu,41823
1970,25538,Tumbakose,41824
1971,25538,Kinyamshindo,41825
1972,25538,Lahoda,41826
1973,25631,Utemini,43101
1974,25631,Mughanga,43102
1975,25631,Mitunduruni,43103
1976,25631,Mtamaa,43104
1977,25631,Mandewa,43105
1978,25631,Mwankoko,43106
1979,25631,Mungumaji,43107
1980,25631,Ipembe,43108
1981,25631,Majengo,43109
1982,25631,Kindai,43110
1983,25631,Mtipa,43111
1984,25631,Unyambwa,43112
1985,25631,Unyamikumbi,43113
1986,25631,Minga,43114
1987,25631,Misuna,43115
1988,25631,Uhamaka,43116
1989,25631,Unyianga,43117
1990,25631,Kisaki,43118
1991,25632,Mgori,43201
1992,25632,Mughunga,43202
1993,25632,Ngimu,43203
1994,25632,Itaja,43204
1995,25632,Ilongero,43205
1996,25632,Mrama,43206
1997,25632,Kinyeto,43207
1998,25632,Kinyagigi,43208
1999,25632,Mwasauya,43209
2000,25632,Mughamo,43210
2001,25632,Ntonge,43211
2002,25632,Ikhanoda,43212
2003,25632,Merya,43213
2004,25632,Maghojoa,43214
2005,25632,Msange,43215
2006,25632,Mtinko,43216
2007,25632,Kijota,43217
2008,25632,Ughandi,43218
2009,25632,Msisi,43219
2010,25632,Makuro,43220
2011,25632,Mudida,43221
2012,25633,Kiomboi,43301
2013,25633,Kinampanda,43302
2014,25633,Ulemo,43303
2015,25633,Kyengenge,43304
2016,25633,Kaselya,43305
2017,25633,Mtekente,43306
2018,25633,Urughu,43307
2019,25633,Mbelekese,43308
2020,25633,Ndago,43309
2021,25633,Shelui,43310
2022,25633,Mtoa,43311
2023,25633,Ntwike,43312
2024,25633,Kisiriri,43313
2025,25633,Tulya,43314
2026,25633,Kidaru,43315
2027,25633,Ndulungu,43316
2028,25633,Mgongo,43317
2029,25633,Old Kiomboi,43318
2030,25633,Maluga,43319
2031,25633,Mukulu,43320
2032,25634,Manyoni Urban,43401
2033,25634,Mkwese,43402
2034,25634,Muhalala,43403
2035,25634,Chikuyu,43404
2036,25634,Makutopora,43405
2037,25634,Makanda,43406
2038,25634,Kintinku,43407
2039,25634,Maweni,43408
2040,25634,Chikola,43409
2041,25634,Heka,43410
2042,25634,Sasilo,43411
2043,25634,Nkonko,43412
2044,25634,Sanza,43413
2045,25634,Isseke,43414
2046,25634,Solya,43415
2047,25634,Makuru,43416
2048,25634,Saranda,43417
2049,25634,Majiri,43418
2050,25634,Sasajila,43419
2051,25634,Idodyandole,43420
2052,25634,Aghondi,43421
2053,25634,Rungwa,43422
2054,25634,Mwamagembe,43423
2055,25634,Mgandu,43424
2056,25634,Itigi Mjini,43425
2057,25634,Kitaraka,43426
2058,25634,Itigi Majengo,43427
2059,25634,Ipande,43428
2060,25634,Sanjaranda,43429
2061,25634,Mitundu,43430
2062,25634,Tambukareli,43431
2063,25634,Kalangali,43432
2064,25635,Kinyangiri,43501
2065,25635,Kikhonda,43502
2066,25635,Iguguno,43503
2067,25635,Msingi,43504
2068,25635,Mwanga,43505
2069,25635,Ilunda,43506
2070,25635,Nduguti,43507
2071,25635,Gumanga,43508
2072,25635,Ibaga,43509
2073,25635,Nkinto,43510
2074,25635,Mwangeza,43511
2075,25635,Mpambala,43512
2076,25635,Miganga,43513
2077,25635,Matongo,43514
2078,25635,Tumuli,43515
2079,25635,Nkalakala,43516
2080,25635,Kinampundu,43517
2081,25636,Ihanja,43601
2082,25636,Isseke,43602
2083,25636,Minyughe,43603
2084,25636,Puma,43604
2085,25636,Kituntu,43605
2086,25636,Muhintiri,43606
2087,25636,Iglansoni,43607
2088,25636,Sepuka,43608
2089,25636,Mtunduru,43609
2090,25636,Mwaru,43610
2091,25636,Ighombwe,43611
2092,25636,Mgungira,43612
2093,25636,Iyumbu,43613
2094,25636,Irisya,43614
2095,25636,Ikungi,43615
2096,25636,Unyahati,43616
2097,25636,Dung'unyi,43617
2098,25636,Issuna,43618
2099,25636,Mkiwa,43619
2100,25636,Mang'onyi,43620
2101,25636,Mungaa,43621
2102,25636,Ntuntu,43622
2103,25636,Lighwa,43623
2104,25636,Siuyu,43624
2105,25636,Misughaa,43625
2106,25636,Kikio,43626
2107,25636,Makilawa,43627
2108,25636,Makiungu,43628
2109,25641,Ng'ambo,45101
2110,25641,Kitete,45102
2111,25641,Malolo,45103
2112,25641,Mbugani,45104
2113,25641,Mtenedeni,45105
2114,25641,Tambuka-Reli,45106
2115,25641,Ipuli,45107
2116,25641,Isevya,45108
2117,25641,Kanyenye,45109
2118,25641,Kiloleni,45110
2119,25641,Chemchem,45111
2120,25641,Cheyo,45112
2121,25641,Gongoni,45113
2122,25641,Uyui,45114
2123,25641,Kalunde,45115
2124,25641,Ndevelwa,45116
2125,25641,Itetemia,45117
2126,25641,Kakola,45118
2127,25641,Misha,45119
2128,25641,Tumbi,45120
2129,25641,Itonjanda,45121
2130,25641,Ikomwa,45122
2131,25641,Kabila,45123
2132,25641,Ntalikwa,45124
2133,25641,Ifucha,45125
2134,25641,Mpela,45126
2135,25641,Mwinyi,45127
2136,25641,Kidongochekundu,45128
2137,25641,Mapambano,45129
2138,25642,Goweko,45201
2139,25642,Lutende,45202
2140,25642,Kizengi,45203
2141,25642,Loya,45204
2142,25642,Igalula,45205
2143,25642,Ilolangulu,45206
2144,25642,Mabama,45207
2145,25642,Ndono,45208
2146,25642,Ufuluma,45209
2147,25642,Usagari,45210
2148,25642,Ibiri,45211
2149,25642,Ikongolo,45212
2150,25642,Isikizya,45213
2151,25642,Magiri,45214
2152,25642,Upuge,45215
2153,25642,Bukumbi,45216
2154,25642,Shitage,45217
2155,25642,Nsololo,45218
2156,25642,Miyenze,45219
2157,25642,Tura,45220
2158,25642,Miswaki,45221
2159,25642,Kigwa,45222
2160,25642,Ibelamilundi,45223
2161,25642,Nsimbo,45224
2162,25642,Kalola,45225
2163,25642,Makazi,45226
2164,25642,Mmale,45227
2165,25642,Igulungu,45228
2166,25642,Nzubuka,45229
2167,25642,Isila,45230
2168,25643,Sikonge,45301
2169,25643,Chabutwa,45302
2170,25643,Ipole,45303
2171,25643,Tutuo,45304
2172,25643,Kiloleli,45305
2173,25643,Kipanga,45306
2174,25643,Igigwa,45307
2175,25643,Pangale,45308
2176,25643,Kipili,45309
2177,25643,Kiloli,45310
2178,25643,Kitunda,45311
2179,25643,Misheni,45312
2180,25643,Kisanga,45313
2181,25643,Ngoywa,45314
2182,25643,Mole,45315
2183,25643,Usunga,45316
2184,25643,Mpombwe,45317
2185,25643,Mkolye,45318
2186,25643,Nyahua,45319
2187,25643,Kilumbi,45320
2188,25644,Nzega Mjini Magharibi,45401
2189,25644,Nzega Ndogo,45402
2190,25644,Ijanija,45403
2191,25644,Itilo,45404
2192,25644,Shigamba,45405
2193,25644,Itobo,45406
2194,25644,Isanzu,45407
2195,25644,Karitu,45408
2196,25644,Kasela,45409
2197,25644,Mwangoye,45410
2198,25644,Nata,45411
2199,25644,Lusu,45412
2200,25644,Mbogwe,45413
2201,25644,Wela,45414
2202,25644,Miguwa,45415
2203,25644,Utwigu,45416
2204,25644,Isagenhe,45417
2205,25644,Bukene,45418
2206,25644,Uduka,45419
2207,25644,Ikindwa,45420
2208,25644,Mwamala,45421
2209,25644,Sigili,45422
2210,25644,Muhugi,45423
2211,25644,Mizibaziba,45424
2212,25644,Nkiniziwa,45425
2213,25644,Mwakashanhala,45426
2214,25644,Mambali,45427
2215,25644,Semembela,45428
2216,25644,Mogwa,45429
2217,25644,Kamanhalanga,45430
2218,25644,Igusule,45431
2219,25644,Tongi,45432
2220,25644,Budushi,45433
2221,25644,Ndala,45434
2222,25644,Puge,45435
2223,25644,Magengati,45436
2224,25644,Milambo Itobo,45437
2225,25644,Nzega Mjini Mashariki,45438
2226,25644,Uchama,45439
2227,25644,Kitangili,45440
2228,25644,Mwanzoli,45441
2229,25644,Mwasala,45442
2230,25644,Mwantundu,45443
2231,25644,Mbagwa,45444
2232,25644,Ugembe,45445
2233,25644,Mbutu,45446
2234,25645,Urambo,45501
2235,25645,Kapilula,45502
2236,25645,Itundu,45503
2237,25645,Imalamakoye,45504
2238,25645,Vumilia,45505
2239,25645,Usisya,45506
2240,25645,Songambele,45507
2241,25645,Ukondamoyo,45508
2242,25645,Muungano,45509
2243,25645,Kiloleni,45510
2244,25645,Ussoke,45511
2245,25645,Uyumbu,45512
2246,25645,Mchikichini,45513
2247,25645,Kiyungi,45514
2248,25645,Kasisi,45524
2249,25645,Nsenda,45525
2250,25645,Uyogo,45526
2251,25645,Ugala,45527
2252,25646,Igunga,45601
2253,25646,Nguvumoja,45602
2254,25646,Bukoko,45603
2255,25646,Nanga,45604
2256,25646,Mwamashiga,45605
2257,25646,Mbutu,45606
2258,25646,Isakamaliwa,45607
2259,25646,Itumba,45608
2260,25646,Sungwizi,45609
2261,25646,Nyandekwa,45610
2262,25646,Ntobo,45611
2263,25646,Itunduru,45612
2264,25646,Igurubi,45613
2265,25646,Mwamashimba,45614
2266,25646,Kining'inila,45615
2267,25646,Igoweko,45616
2268,25646,Simbo,45617
2269,25646,Chabutwa,45618
2270,25646,Mwisi,45619
2271,25646,Nkinga,45620
2272,25646,Ndembezi,45621
2273,25646,Ziba,45622
2274,25646,Ngulu,45623
2275,25646,Chomachankola,45624
2276,25646,Mwashikumbili,45625
2277,25646,Kinungu,45626
2278,25646,Lugubu,45627
2279,25646,Mtunguru,45628
2280,25646,Mwamakoma,45629
2281,25646,Ugaka,45630
2282,25646,Mwamala,45631
2283,25646,Kitangili,45632
2284,25646,Iborogelo,45633
2285,25646,Uswaya,45634
2286,25646,Tambalale,45635
2287,25647,Kaliua,45701
2288,25647,Ushokola,45702
2289,25647,Ugunga,45703
2290,25647,Kazaroho,45704
2291,25647,Igwisi,45705
2292,25647,Ukumbi Siganga,45706
2293,25647,Zugimlole,45707
2294,25647,Usinge,45708
2295,25647,Igagala,45709
2296,25647,Kamsekwa,45710
2297,25647,Mwongozo,45711
2298,25647,Ichemba,45712
2299,25647,Kashishi,45713
2300,25647,Kanoge,45714
2301,25647,Uyowa,45715
2302,25647,Silambo,45716
2303,25647,Seleli,45717
2304,25647,Sasu,45718
2305,25647,Ufukutwa,45719
2306,25647,Usenye,45720
2307,25647,Usimba,45721
2308,25647,Nhwande,45722
2309,25647,Makingi,45723
2310,25647,Kona Nne,45724
2311,25647,Ilege,45725
2312,25647,Milambo,45726
2313,25647,Igombemkulu,45727
2314,25647,Mkindo,45728
2315,25651,Kigoma,47101
2316,25651,Bangwe,47102
2317,25651,Mwanga Kaskazini,47103
2318,25651,Mwanga Kusini,47104
2319,25651,Gungu,47105
2320,25651,Buhanda,47106
2321,25651,Kitongoni,47107
2322,25651,Kasingirima,47108
2323,25651,Machinjioni,47109
2324,25651,Majengo,47110
2325,25651,Rubuga,47111
2326,25651,Kasimbu,47112
2327,25651,Kagera,47113
2328,25651,Rusimbi,47114
2329,25651,Katubuka,47115
2330,25651,Kibirizi,47116
2331,25651,Buzebazeba,47117
2332,25651,Kipampa,47118
2333,25651,Businde,47119
2334,25652,Mahembe,47201
2335,25652,Bitale,47202
2336,25652,Mkongoro,47203
2337,25652,Matendo,47204
2338,25652,Mkigo,47205
2339,25652,Kalinzi,47206
2340,25652,Kagunga,47207
2341,25652,Mwamgongo,47208
2342,25652,Kagongo,47209
2343,25652,Mungonya,47210
2344,25652,Mwandiga,47211
2345,25652,Nkungwe,47212
2346,25652,Kidahwe,47213
2347,25652,Nyarubanda,47214
2348,25652,Ziwani,47215
2349,25652,Simbo,47216
2350,25653,Kwaga,47302
2351,25653,Rusesa,47303
2352,25653,Muzye,47304
2353,25653,Rungwe Mpya,47305
2354,25653,Murufiti,47306
2355,25653,Msambara,47307
2356,25653,Kigondo,47308
2357,25653,Ruhita,47309
2358,25653,Titye,47310
2359,25653,Nyamunyusi,47311
2360,25653,Buhoro,47312
2361,25653,Nyakitonto,47313
2362,25653,Kitagata,47314
2363,25653,Kagera Nkanda,47315
2364,25653,Nyamidaho,47316
2365,25653,Heru Ushingo,47317
2366,25653,Kitanga,47318
2367,25653,Muhunga,47319
2368,25653,Bugaga,47320
2369,25653,Kigembe,47321
2370,25653,Nyumbigwa,47322
2371,25653,Asante Nyerere,47323
2372,25653,Kurugongo,47324
2373,25653,Shunguliba,47325
2374,25653,Nyachenda,47326
2375,25653,Muganza,47327
2376,25653,Kumnyika,47328
2377,25653,Kumsenga,47329
2378,25653,Murubona,47330
2379,25653,Murusi,47331
2380,25653,Mwilavya,47332
2381,25653,Nyansha,47333
2382,25653,Heru Juu,47334
2383,25653,Kimobwa,47335
2384,25653,Makere,47336
2385,25653,Kalela,47337
2386,25654,Kibondo  Mjini,47401
2387,25654,Murungu,47402
2388,25654,Misezero,47403
2389,25654,Bunyambo,47404
2390,25654,Rugongwe,47405
2391,25654,Busunzu,47406
2392,25654,Busagara,47407
2393,25654,Mabamba,47408
2394,25654,Kizazi,47409
2395,25654,Kumsenga,47410
2396,25654,Itaba,47411
2397,25654,Nyaruyoba,47412
2398,25654,Kagezi,47413
2399,25654,Mukabuye,47414
2400,25654,Bitale,47415
2401,25654,Kitahana,47416
2402,25654,Rusohoko,47417
2403,25654,Biturana,47418
2404,25654,Kumwambu,47419
2405,25655,Buhigwe,47501
2406,25655,Munzeze,47502
2407,25655,Rusaba,47503
2408,25655,Janda,47504
2409,25655,Munyegera,47505
2410,25655,Muyama,47508
2411,25655,Kajana,47509
2412,25655,Kilelema,47510
2413,25655,Nyamugali,47511
2414,25655,Munanila,47512
2415,25655,Muhinda,47513
2416,25655,Mugera,47514
2417,25655,Biharu,47515
2418,25655,Kibande,47516
2419,25655,Mwayaya,47517
2420,25655,Kinazi,47518
2421,25655,Bukuba,47519
2422,25655,Mkatanga,47520
2423,25655,Mubanga,47521
2424,25655,Kibwigwa,47522
2425,25656,Uvinza,47601
2426,25656,Nguruka,47602
2427,25656,Buhingu,47603
2428,25656,Sigunga,47604
2429,25656,Kalya,47605
2430,25656,Kandaga,47607
2431,25656,Sunuka,47608
2432,25656,Ilagala,47609
2433,25656,Basanza,47610
2434,25656,Itebula,47611
2435,25656,Mganza,47612
2436,25656,Mtegowanoti,47613
2437,25656,Igalula,47614
2438,25656,Herembe,47615
2439,25656,Kazuramimba,47616
2440,25656,Mwakizega,47617
2441,25657,Kakonko,47701
2442,25657,Kasanda,47702
2443,25657,Mugunzu,47703
2444,25657,Gwanumpu,47704
2445,25657,Kiziguzigu,47705
2446,25657,Kasuga,47706
2447,25657,Rugenge,47707
2448,25657,Muhange,47708
2449,25657,Nyabibuye,47709
2450,25657,Katanga,47710
2451,25657,Kanyonza,47711
2452,25657,Gwarama,47712
2453,25657,Nyamtukuza,47713
2454,25661,Kawajense,50101
2455,25661,Ilembo,50102
2456,25661,Misunkumilo,50103
2457,25661,Nsemulwa,50104
2458,25661,Shanwe,50105
2459,25661,Kashaulili,50106
2460,25661,Mpanda Hotel,50107
2461,25661,Makanyagio,50108
2462,25661,Kakese,50109
2463,25661,Majengo,50110
2464,25661,Uwanja Wa Ndege,50111
2465,25661,Kazima,50112
2466,25661,Mwamkulu,50113
2467,25661,Magamba,50114
2468,25661,Kasokola,50115
2469,25661,Nsimbo,50116
2470,25661,Kapalala,50117
2471,25661,Mtapenda,50118
2472,25661,Machimboni,50119
2473,25661,Ibindi,50120
2474,25661,Itenka,50121
2475,25661,Sitalike,50122
2476,25661,Urwila,50123
2477,25661,Ugalla,50124
2478,25661,Litapunga,50125
2479,25661,Kanoge,50126
2480,25661,Katumba,50127
2481,25662,Karema,50201
2482,25662,Kapalamsenga,50202
2483,25662,Ikola,50203
2484,25662,Katuma,50204
2485,25662,Sibwesa,50205
2486,25662,Mwese,50206
2487,25662,Kabungu,50207
2488,25662,Mpanda Ndogo,50208
2489,25662,Mishamo,50209
2490,25662,Isengule,50210
2491,25662,Kasekese,50211
2492,25662,Mnyagala,50212
2493,25662,Tongwe,50213
2494,25662,Ilangu,50214
2495,25662,Bulamata,50215
2496,25662,Ipwaga,50216
2497,25663,Inyonga,50301
2498,25663,Nsenkwa,50310
2499,25663,Ilela,50311
2500,25663,Utende,50312
2501,25663,Mbede,50315
2502,25663,Mamba,50316
2503,25663,Usevya,50317
2504,25663,Kibaoni,50318
2505,25663,Ikuba,50319
2506,25663,Majimoto,50320
2507,25663,Kasansa,50321
2508,25663,Mwamapuli,50322
2509,25663,Ilunde,50324
2510,25663,Kamsisi,50325
2511,25663,Chamalendi,50326
2512,25671,Mivinjeni,51101
2513,25671,Mshindo,51102
2514,25671,Kitanzini,51103
2515,25671,Makorongoni,51104
2516,25671,Ilala,51105
2517,25671,Kwakilosa,51106
2518,25671,Mlandege,51107
2519,25671,Gangilonga,51108
2520,25671,Kihesa,51109
2521,25671,Mtwivila,51110
2522,25671,Mkwawa,51111
2523,25671,Mwangata,51112
2524,25671,Kitwiru,51113
2525,25671,Ruaha,51114
2526,25671,Nduli,51115
2527,25671,Isakalilo,51116
2528,25671,Mkimbizi,51117
2529,25671,Igumbilo,51118
2530,25672,Kalenga,51201
2531,25672,Maguliwa,51202
2532,25672,Mgama,51203
2533,25672,Mseke,51204
2534,25672,Ulanda,51205
2535,25672,Nzihi,51206
2536,25672,Kiwere,51207
2537,25672,Mlowa,51208
2538,25672,Ilolompya,51209
2539,25672,Kihorogota,51210
2540,25672,Lumuli,51211
2541,25672,Ifunda,51212
2542,25672,Maboga,51213
2543,25672,Wasa,51214
2544,25672,Mahuninga,51215
2545,25672,Itunundu,51216
2546,25672,Izazi,51217
2547,25672,Malengamakali,51218
2548,25672,Idodi,51219
2549,25672,Nyang'oro,51220
2550,25672,Migoli,51221
2551,25672,Kising'a,51222
2552,25672,Mlenge,51223
2553,25672,Lyamgungwe,51224
2554,25672,Luhota,51225
2555,25672,Kihanga,51226
2556,25672,Masaka,51227
2557,25672,Mboliboli,51228
2558,25673,Irole,51301
2559,25673,Ilula,51302
2560,25673,Uhambingeto,51303
2561,25673,Mtitu,51304
2562,25673,Image,51305
2563,25673,Dabaga,51306
2564,25673,Ukumbi,51307
2565,25673,Bomalang'ombe,51308
2566,25673,Idete,51309
2567,25673,Ukwega,51310
2568,25673,Udekwa,51311
2569,25673,Mahenge,51312
2570,25673,Lugalo,51313
2571,25673,Kimala,51314
2572,25673,Ruaha Mbuyuni,51315
2573,25673,Ng'uruhe,51316
2574,25673,Ihimbo,51317
2575,25673,Masisiwe,51318
2576,25673,Ibumu,51319
2577,25673,Ng'ang'ange,51320
2578,25673,Nyalumbu,51321
2579,25673,Mlafu,51322
2580,25673,Kising'a,51323
2581,25673,Nyanzwa,51324
2582,25674,Boma,51401
2583,25674,Sao Hill,51402
2584,25674,Kinyanambo,51403
2585,25674,Isalavanu,51404
2586,25674,Rungemba,51405
2587,25674,Ifwagi,51406
2588,25674,Mtwango,51407
2589,25674,Mninga,51408
2590,25674,Igowole,51409
2591,25674,Nyololo,51410
2592,25674,Bumilayinga,51411
2593,25674,Igombavanu,51412
2594,25674,Sadani,51413
2595,25674,Ikweha,51414
2596,25674,Ihowanza,51415
2597,25674,Malangali,51416
2598,25674,Mbalamaziwa,51417
2599,25674,Idunda,51418
2600,25674,Itandula,51419
2601,25674,Mtambula,51420
2602,25674,Kasanga,51421
2603,25674,Kiyowela,51422
2604,25674,Makungu,51423
2605,25674,Luhunga,51424
2606,25674,Mdabulo,51425
2607,25674,Ihalimba,51426
2608,25674,Kibengu,51427
2609,25674,Mapanda,51428
2610,25674,Ihanu,51429
2611,25674,Mpanga Tazara,51430
2612,25674,Idete,51431
2613,25674,Maduma,51432
2614,25674,Ikongosi,51433
2615,25674,Changarawe,51434
2616,25674,Wambi,51435
2617,25674,Upendo,51436
2618,25681,Mbalizi Road,53101
2619,25681,Mabatini,53102
2620,25681,Forest,53103
2621,25681,Maanga,53104
2622,25681,Sinde,53105
2623,25681,Isanga,53106
2624,25681,Sisimba,53107
2625,25681,Itiji,53108
2626,25681,Maendeleo,53109
2627,25681,Majengo,53110
2628,25681,Ghana,53111
2629,25681,Nonde,53112
2630,25681,Ilemi,53113
2631,25681,Ruanda,53114
2632,25681,Iyela,53115
2633,25681,Nzovwe,53116
2634,25681,Itende,53117
2635,25681,Kalobe,53118
2636,25681,Iyunga,53119
2637,25681,Iwambi,53120
2638,25681,Ilomba,53121
2639,25681,Mwakibete,53122
2640,25681,Tembela,53123
2641,25681,Mwansanga,53124
2642,25681,Iganzo,53125
2643,25681,Uyole,53126
2644,25681,Isyesye,53127
2645,25681,Itezi,53128
2646,25681,Mwansenkwa,53129
2647,25681,Itagano,53130
2648,25681,Nsoho,53131
2649,25681,Iziwa,53132
2650,25681,Nsalaga,53133
2651,25681,Igawilo,53134
2652,25681,Iganjo,53135
2653,25681,Iduda,53136
2654,25682,Ijombe,53201
2655,25682,Inyala,53202
2656,25682,Tembela,53203
2657,25682,Ulenje,53204
2658,25682,Ilungu,53205
2659,25682,Iyunga Mapinduzi,53206
2660,25682,Iwindi,53207
2661,25682,Utengule /Usongwe,53208
2662,25682,Bonde La Songwe,53209
2663,25682,Isuto,53210
2664,25682,Santilya,53211
2665,25682,Ilembo,53212
2666,25682,Iwiji,53213
2667,25682,Ihango,53214
2668,25682,Ikukwa,53215
2669,25682,Mshewe,53216
2670,25682,Maendeleo,53217
2671,25682,Itewe,53218
2672,25682,Lwanjiro,53219
2673,25682,Nsalala,53220
2674,25682,Swaya,53222
2675,25682,Masoko,53223
2676,25682,Itawa,53224
2677,25682,Igoma,53225
2678,25682,Igale,53226
2679,25682,Mjele,53227
2680,25682,Shizuvi,53228
2681,25682,Izyra,53229
2682,25683,Bulyaga,53501
2683,25683,Bagamoyo,53502
2684,25683,Makandana,53503
2685,25683,Msasani,53504
2686,25683,Kawetele,53505
2687,25683,Itagata,53506
2688,25683,Ibigi,53507
2689,25683,Kyimo,53509
2690,25683,Suma,53510
2691,25683,Masoko,53511
2692,25683,Mpuguso,53512
2693,25683,Malindo,53513
2694,25683,Lufingo,53514
2695,25683,Kiwira,53515
2696,25683,Nkunga,53516
2697,25683,Ikuti,53517
2698,25683,Kisondela,53518
2699,25683,Ilima,53519
2700,25683,Bujela,53520
2701,25683,Masukulu,53521
2702,25683,Kisiba,53522
2703,25683,Kabula,53523
2704,25683,Lupata,53524
2705,25683,Kambasegela,53525
2706,25683,Kisegese,53526
2707,25683,Itete,53527
2708,25683,Lufilyo,53528
2709,25683,Lwangwa,53529
2710,25683,Mpombo,53530
2711,25683,Isange,53531
2712,25683,Kandete,53532
2713,25683,Luteba,53533
2714,25683,Isongole,53534
2715,25683,Kinyala,53535
2716,25683,Matwebe,53536
2717,25683,Masebe,53537
2718,25683,Swaya,53538
2719,25683,Iponjola,53539
2720,25683,Lupepo,53540
2721,25683,Ndanto,53541
2722,25683,Ntaba,53542
2723,25683,Mpata,53543
2724,25684,Rujewa,53601
2725,25684,Ubaruku,53602
2726,25684,Mapogoro,53603
2727,25684,Mawindi,53604
2728,25684,Chimala,53605
2729,25684,Igurusi,53606
2730,25684,Utengule Usangu,53607
2731,25684,Mahongole,53608
2732,25684,Ruiwa,53609
2733,25684,Madibira,53610
2734,25684,Imalilo Songwe,53611
2735,25684,Ipwani,53612
2736,25684,Igava,53613
2737,25684,Miyombweni,53614
2738,25684,Ihahi,53615
2739,25684,Itamboleo,53616
2740,25684,Mwatenga,53617
2741,25684,Luhanga,53618
2742,25684,Kongolo,53619
2743,25684,Lugelele,53620
2744,25685,Kyela,53701
2745,25685,Mwaya,53702
2746,25685,Kajunjumele,53703
2747,25685,Ikolo,53704
2748,25685,Bujonde,53705
2749,25685,Ngonga,53706
2750,25685,Katumbasongwe,53707
2751,25685,Ngana,53708
2752,25685,Busale,53709
2753,25685,Ipande,53710
2754,25685,Ipinda,53711
2755,25685,Muungano,53712
2756,25685,Lusungo,53713
2757,25685,Makwale,53714
2758,25685,Matema,53715
2759,25685,Ikama,53716
2760,25685,Ndobo,53717
2761,25685,Itope,53718
2762,25685,Ikimba,53719
2763,25685,Talatala,53720
2764,25685,Nkokwa,53721
2765,25685,Mababu,53722
2766,25685,Mikoroshoni,53723
2767,25685,Mbugani,53724
2768,25685,Mwanganyanga,53725
2769,25685,Serengeti,53726
2770,25685,Itunge,53727
2771,25685,Nkuyu,53728
2772,25685,Ndandalo,53729
2773,25685,Ipyana,53730
2774,25685,Bondeni,53731
2775,25685,Ibanda,53732
2776,25686,Chokaa,53801
2777,25686,Itewe,53802
2778,25686,Mbugani,53803
2779,25686,Chalangwa,53804
2780,25686,Ifumbo,53805
2781,25686,Mkola,53807
2782,25686,Matundasi,53809
2783,25686,Makongolosi,53810
2784,25686,Mamba,53811
2785,25686,Lupa,53819
2786,25686,Mtanila,53820
2787,25686,Matwiga,53821
2788,25686,Lualaje,53822
2789,25686,Mafyeko,53823
2790,25686,Kambikatoto,53825
2791,25686,Sangambi,53826
2792,25686,Kasanga,53832
2793,25686,Upendo,53833
2794,25686,Nkunga€™Ungu,53834
2795,25686,Bwawani,53837
2796,25691,Gua,54101
2797,25691,Ngwala,54102
2798,25691,Kapalala,54103
2799,25691,Mbangala,54104
2800,25691,Saza,54105
2801,25691,Mkwajuni,54106
2802,25691,Mwambani,54107
2803,25691,Totowe,54108
2804,25691,Mpona,54109
2805,25691,Namkukwe,54110
2806,25691,Manda,54111
2807,25691,Magamba,54112
2808,25691,Galula,54113
2809,25691,Mbuyuni,54114
2810,25691,Chang'ombe,54115
2811,25691,Kanga,54116
2812,25691,Ifwenkenya,54117
2813,25692,Vwawa,54201
2814,25692,Mlowo,54202
2815,25692,Igamba,54203
2816,25692,Msia,54204
2817,25692,Ihanda,54205
2818,25692,Isandula,54206
2819,25692,Nyimbili,54207
2820,25692,Halungu,54208
2821,25692,Mlangali,54209
2822,25692,Iyula,54210
2823,25692,Myovizi,54211
2824,25692,Ruanda,54212
2825,25692,Itaka,54213
2826,25692,Nambinzo,54214
2827,25692,Nanyala,54215
2828,25692,Ipunga,54216
2829,25692,Bara,54217
2830,25692,Ilolo,54218
2831,25692,Ichenjezya,54219
2832,25692,Hasanga,54220
2833,25692,Hasamba,54221
2834,25692,Isansa,54222
2835,25692,Shiwinga,54223
2836,25692,Itumpi,54224
2837,25692,Kilimampimbi,54225
2838,25692,Wasa,54226
2839,25692,Hezya,54227
2840,25692,Magamba,54228
2841,25692,Idiwili,54229
2842,25693,Itumba,54301
2843,25693,Isongole,54302
2844,25693,Ndola,54303
2845,25693,Bupigu,54304
2846,25693,Chitete,54305
2847,25693,Mbebe,54306
2848,25693,Itale,54307
2849,25693,Ibaba,54308
2850,25693,Malangali,54309
2851,25693,Kafule,54310
2852,25693,Ikinga,54311
2853,25693,Sange,54312
2854,25693,Lubanda,54313
2855,25693,Ngulugulu,54314
2856,25693,Luswisi,54315
2857,25693,Ngulilo,54316
2858,25693,Mlale,54317
2859,25693,Kalembo,54318
2860,25694,Tunduma,54401
2861,25694,Chiwezi,54402
2862,25694,Nkangamo,54403
2863,25694,Ndalambo,54404
2864,25694,Msangano,54405
2865,25694,Chitete,54406
2866,25694,Ivuna,54407
2867,25694,Kamsamba,54408
2868,25694,Chilulumo,54409
2869,25694,Myunga,54410
2870,25694,Kapele,54411
2871,25694,Mkulwe,54412
2872,25694,Mpapa,54413
2873,25694,Nzoka,54414
2874,25694,Ikana,54415
2875,25694,Mkomba,54416
2876,25694,Majengo,54417
2877,25694,Mpande,54418
2878,25694,Chapwa,54419
2879,25694,Maporomoko,54420
2880,25694,Kaloleni,54421
2881,25694,Sogea,54422
2882,25694,Makambini,54423
2883,25694,Katete,54424
2884,25694,Mpemba,54425
2885,25694,Muungano,54426
2886,25694,Mwakakati,54427
2887,25694,Chipaka,54428
2888,25694,Uwanjani,54429
2889,25701,Sumbawanga,55101
2890,25701,Izia,55102
2891,25701,Katandala,55103
2892,25701,Malangali,55104
2893,25701,Kizwite,55105
2894,25701,Mazwi,55106
2895,25701,Majengo,55107
2896,25701,Chanji,55108
2897,25701,Ntendo,55109
2898,25701,Senga,55110
2899,25701,Milanzi,55111
2900,25701,Kasense,55112
2901,25701,Mollo,55113
2902,25701,Matanga,55114
2903,25701,Pito,55115
2904,25701,Mafulala,55116
2905,25701,Msua,55117
2906,25701,Momoka,55118
2907,25701,Lwiche,55119
2908,25702,Laela,55201
2909,25702,Kaengesa,55202
2910,25702,Mpui,55203
2911,25702,Sandulula,55204
2912,25702,Kalambanzite,55205
2913,25702,Milepa,55206
2914,25702,Mtowisa,55207
2915,25702,Muze,55208
2916,25702,Lusaka,55209
2917,25702,Kipeta,55210
2918,25702,Kaoze,55211
2919,25702,Miangalua,55212
2920,25702,Ilemba,55213
2921,25702,Nankanga,55214
2922,25702,Kapenta,55215
2923,25702,Kilangawana,55216
2924,25702,Zimba,55217
2925,25702,Kalumbaleza,55218
2926,25702,Mfinga,55219
2927,25702,Mwadui,55220
2928,25702,Ikozi,55221
2929,25702,Mpwapwa,55222
2930,25702,Lyangalile,55223
2931,25702,Kanda,55224
2932,25702,Msanda Muungano,55225
2933,25702,Kasanzama,55226
2934,25702,Mnokola,55227
2935,25703,Namanyere,55301
2936,25703,Nkomolo,55302
2937,25703,Isale,55303
2938,25703,Kipande,55304
2939,25703,Chala,55305
2940,25703,Mtenga,55307
2941,25703,Kabwe,55308
2942,25703,Kirando,55309
2943,25703,Ninde,55310
2944,25703,Kate,55311
2945,25703,Sintali,55312
2946,25703,Wampembe,55313
2947,25703,Kala,55314
2948,25703,Nkandasi,55315
2949,25703,Kipili,55316
2950,25703,Korongwe,55317
2951,25703,Mkwamba,55318
2952,25703,Myula,55319
2953,25703,Kizumbi,55320
2954,25703,Mkinga,55321
2955,25703,Majengo,55322
2956,25703,Isunta,55323
2957,25703,Kipindu,55324
2958,25703,Ntatumbila,55325
2959,25703,Mashete,55326
2960,25703,Paramawe,55327
2961,25703,Isale Asilia,55328
2962,25703,Itete,55329
2963,25704,Matai,55401
2964,25704,Mkali,55402
2965,25704,Mnamba,55403
2966,25704,Msanzi,55404
2967,25704,Mkowe,55405
2968,25704,Kasanga,55406
2969,25704,Katazi,55408
2970,25704,Mwazye,55409
2971,25704,Mwimbi,55410
2972,25704,Mambwe Nkoswe,55411
2973,25704,Sopa,55412
2974,25704,Mambwe Kenya,55413
2975,25704,Legezamwendo,55414
2976,25704,Katete,55415
2977,25704,Kisumba,55416
2978,25704,Ulumi,55417
2979,25704,Samazi,55418
2980,25704,Mpombwe,55419
2981,25704,Lyowa,55420
2982,25704,Mbuluma,55421
2983,25704,Sundu,55422
2984,25704,Kanyezi,55423
2985,25704,Kilesha,55424
2986,25711,Mjini,57101
2987,25711,Misufini,57102
2988,25711,Mfaranyaki,57103
2989,25711,Majengo,57104
2990,25711,Matarawe,57105
2991,25711,Lizaboni,57106
2992,25711,Ruvuma,57107
2993,25711,Bombambili,57108
2994,25711,Mashangano,57109
2995,25711,Ruhuwiko,57110
2996,25711,Subira,57111
2997,25711,Matogoro,57112
2998,25711,Mletele,57113
2999,25711,Tanga,57114
3000,25711,Lilambo,57115
3001,25711,Ndilimalitembo,57116
3002,25711,Msamala,57117
3003,25711,Seedfarm,57118
3004,25711,Mateka,57119
3005,25711,Mwengemshindo,57120
3006,25711,Mjimwema,57121
3007,25712,Maposeni,57201
3008,25712,Matimila,57202
3009,25712,Mpitimbi,57203
3010,25712,Ndongosi,57204
3011,25712,Magagula,57205
3012,25712,Litisha,57206
3013,25712,Kilagano,57207
3014,25712,Gumbiro,57208
3015,25712,Mahanje,57209
3016,25712,Wino,57210
3017,25712,Matumbi,57211
3018,25712,Muhukuru,57212
3019,25712,Peramiho,57213
3020,25712,Mpandangindo,57214
3021,25712,Mbinga Mhalule,57215
3022,25712,Mkongotema,57216
3023,25712,Mtyangimbole,57217
3024,25712,Parangu,57224
3025,25712,Liganga,57225
3026,25712,Lilahi,57226
3027,25712,Kizuka,57228
3028,25712,Litapwasi,57229
3029,25712,Mateteleka,57230
3030,25713,Namtumbo,57301
3031,25713,Mchomoro,57302
3032,25713,Luchili,57303
3033,25713,Ligera,57304
3034,25713,Lusewa,57305
3035,25713,Magazini,57306
3036,25713,Rwinga,57307
3037,25713,Namabengo,57308
3038,25713,Mkongo,57309
3039,25713,Luegu,57310
3040,25713,Msindo,57311
3041,25713,Kitanda,57312
3042,25713,Mgombasi,57313
3043,25713,Litola,57314
3044,25713,Likuyuseka,57315
3045,25713,Mputa,57316
3046,25713,Limamu,57317
3047,25713,Hanga,57318
3048,25713,Mkongo Gulioni,57319
3049,25713,Lisimonji,57320
3050,25713,Msisima,57321
3051,25714,Mbinga Mjini,57401
3052,25714,Kilimani,57402
3053,25714,Utiri,57403
3054,25714,Myangayanga,57404
3055,25714,Mkumbi,57405
3056,25714,Ngima,57406
3057,25714,Litembo,57407
3058,25714,Mbuji,57408
3059,25714,Nyoni,57409
3060,25714,Mbangamao,57410
3061,25714,Mpepai,57411
3062,25714,Kingonsera,57412
3063,25714,Kihangi Mahuka,57413
3064,25714,Linda,57414
3065,25714,Matiri,57415
3066,25714,Ukata,57416
3067,25714,Kitura,57417
3068,25714,Langiro,57418
3069,25714,Maguu,57419
3070,25714,Mikalanga,57420
3071,25714,Mpapa,57421
3072,25714,Ruanda,57422
3073,25714,Litumbandyosi,57423
3074,25714,Kikolo,57424
3075,25714,Kihungu,57425
3076,25714,Kitanda,57426
3077,25714,Mkako,57427
3078,25714,Kitumbalomo,57428
3079,25714,Luwaita,57429
3080,25714,Kipololo,57430
3081,25714,Kambarage,57431
3082,25714,Mapera,57432
3083,25714,Kipapa,57433
3084,25714,Namswea,57434
3085,25714,Wukiro,57435
3086,25714,Mateka,57436
3087,25714,Mhongozi,57437
3088,25714,Amani  Makolo,57438
3089,25714,Lukarasi,57439
3090,25714,Kagugu,57440
3091,25714,Muungano,57441
3092,25714,Mbambi,57442
3093,25714,Lusonga,57443
3094,25714,Matarawe,57444
3095,25714,Masumuni,57445
3096,25714,Mbinga Mjini B,57446
3097,25714,Luhuwiko,57447
3098,25714,Betrehemu,57448
3099,25715,Mbambabay,57501
3100,25715,Lipingo,57502
3101,25715,Kilosa,57503
3102,25715,Mtipwili,57504
3103,25715,Kingerikiti,57505
3104,25715,Tingi,57506
3105,25715,Liparamba,57507
3106,25715,Luhangarasi,57508
3107,25715,Liuli,57509
3108,25715,Kihagara,57510
3109,25715,Chiwanda,57511
3110,25715,Ngumbo,57512
3111,25715,Mbaha,57513
3112,25715,Lituhi,57514
3113,25715,Liwundi,57515
3114,25715,Mipotopoto,57516
3115,25715,Upolo,57517
3116,25715,Mpepo,57518
3117,25715,Lumeme,57519
3118,25715,Linga,57520
3119,25716,Mlingoti Mashariki,57601
3120,25716,Mlingotini Magharibi,57602
3121,25716,Tuwemacho,57603
3122,25716,Namasakata,57604
3123,25716,Ligoma,57605
3124,25716,Muhuwesi,57606
3125,25716,Nandembo,57607
3126,25716,Ligunga,57608
3127,25716,Kidodoma,57609
3128,25716,Mtina,57610
3129,25716,Mchesi,57611
3130,25716,Mbesa,57612
3131,25716,Marumba,57613
3132,25716,Mchoteka,57614
3133,25716,Nalasi Magharibi,57615
3134,25716,Lukumbule,57616
3135,25716,Misechela,57617
3136,25716,Mindu,57618
3137,25716,Ngapa,57619
3138,25716,Nakapanya,57620
3139,25716,Kalulu,57621
3140,25716,Matemanga,57622
3141,25716,Nampungu,57623
3142,25716,Namwinyu,57624
3143,25716,Masonya,57625
3144,25716,Sisi Kwa Sisi,57626
3145,25716,Mchangani,57627
3146,25716,Nanjoka,57628
3147,25716,Majengo,57629
3148,25716,Nakayaya,57630
3149,25716,Mbati,57631
3150,25716,Namiungo,57632
3151,25716,Jakika,57633
3152,25716,Mchuluka,57634
3153,25716,Nalasi Mashariki,57635
3154,25716,Chiwana,57636
3155,25716,Namakambale,57637
3156,25716,Majimaji,57638
3157,25716,Tinginya,57639
3158,25712,Lituta,57731
3159,25721,Njombe Mjini,59101
3160,25721,Luponde,59102
3161,25721,Uwemba,59103
3162,25721,Kifanya,59104
3163,25721,Yakobi,59105
3164,25721,Iwungilo,59106
3165,25721,Ramadhani,59107
3166,25721,Mji Mwema,59108
3167,25721,Ihanga,59109
3168,25721,Utalingoro,59110
3169,25721,Lugenge,59111
3170,25721,Makowo,59112
3171,25721,Makambako,59113
3172,25721,Mjimwema,59114
3173,25721,Mlowa,59115
3174,25721,Lyamkena,59116
3175,25721,Mwembetogwa,59117
3176,25721,Matola,59118
3177,25721,Maguvani,59119
3178,25721,Majengo,59120
3179,25721,Kitisi,59121
3180,25721,Kivavi,59122
3181,25721,Kitandililo,59123
3182,25721,Mahongole,59124
3183,25721,Utengule,59125
3184,25722,Ikondo,59201
3185,25722,Kidegembye,59202
3186,25722,Lupembe,59203
3187,25722,Matembwe,59204
3188,25722,Idamba,59205
3189,25722,Mfriga,59206
3190,25722,Ikuna,59207
3191,25722,Ninga,59208
3192,25722,Igongolo,59209
3193,25722,Mtwango,59210
3194,25722,Ukalawa,59215
3195,25722,Kichiwa,59216
3196,25723,Mdandu,59301
3197,25723,Igima,59302
3198,25723,Usuka,59303
3199,25723,Luduga,59304
3200,25723,Ilembula,59305
3201,25723,Uhambule,59306
3202,25723,Wanging'ombe,59307
3203,25723,Kijombe,59308
3204,25723,Saja,59309
3205,25723,Igosi,59310
3206,25723,Wangama,59311
3207,25723,Kidugala,59312
3208,25723,Ulembwe,59313
3209,25723,Kipengele,59314
3210,25723,Makoga,59315
3211,25723,Imalinyi,59316
3212,25723,Itulahumba,59317
3213,25723,Igwachanya,59318
3214,25723,Uhenga,59319
3215,25723,Udonja,59320
3216,25723,Malangali,59321
3217,25724,Ludewa,59401
3218,25724,Luana,59402
3219,25724,Mawengi,59403
3220,25724,Makonde,59404
3221,25724,Lupingu,59405
3222,25724,Lumbila,59406
3223,25724,Kilondo,59407
3224,25724,Lifuma,59408
3225,25724,Ludende,59409
3226,25724,Milo,59410
3227,25724,Mlangali,59411
3228,25724,Lupanga,59412
3229,25724,Madope,59413
3230,25724,Madilu,59414
3231,25724,Mundindi,59415
3232,25724,Mavanga,59416
3233,25724,Ibumi,59417
3234,25724,Lugarawa,59418
3235,25724,Mkongobaki,59419
3236,25724,Nkomang'ombe,59420
3237,25724,Luilo,59421
3238,25724,Masasi,59422
3239,25724,Manda,59423
3240,25724,Ruhuhu,59424
3241,25724,Iwela,59425
3242,25724,Lubonde,59426
3243,25725,Iwawa,59501
3244,25725,Mang'oto,59502
3245,25725,Lupalilo,59503
3246,25725,Ukwama,59504
3247,25725,Isapulano,59505
3248,25725,Tandala,59506
3249,25725,Ikuwo,59507
3250,25725,Mfumbi,59508
3251,25725,Kigala,59509
3252,25725,Matamba,59510
3253,25725,Kitulo,59511
3254,25725,Mlondwe,59512
3255,25725,Itundu,59513
3256,25725,Bulongwa,59514
3257,25725,Luwumbu,59515
3258,25725,Kapagalo,59516
3259,25725,Ipepo,59517
3260,25725,Lupila,59518
3261,25725,Mbalatse,59519
3262,25725,Ipelele,59520
3263,25725,Kigulu,59521
3264,25725,Iniho,59522
3265,25725,Kinyika,59523
3266,25731,Tumbi,61101
3267,25731,Mailimoja,61102
3268,25731,Pangani,61103
3269,25731,Picha Ya Ndege,61104
3270,25731,Mkuza,61105
3271,25731,Msangani,61106
3272,25731,Kibaha,61107
3273,25731,Kongowe,61108
3274,25731,Misugusugu,61109
3275,25731,Visiga,61110
3276,25731,Mbwawa,61111
3277,25731,Tangini,61112
3278,25731,Sofu,61113
3279,25731,Viziwa Ziwa,61114
3280,25732,Mlandizi,61201
3281,25732,Kilangalanga,61202
3282,25732,Janga,61203
3283,25732,Kikongo,61204
3284,25732,Ruvu,61205
3285,25732,Soga,61206
3286,25732,Bokomnemela,61207
3287,25732,Kwala,61208
3288,25732,Dutumi,61209
3289,25732,Gwata,61210
3290,25732,Magindu,61211
3291,25732,Mtambani,61212
3292,25732,Mtongani,61213
3293,25732,Kawawa,61214
3294,25733,Dunda,61301
3295,25733,Magomeni,61302
3296,25733,Kiromo,61303
3297,25733,Zinga,61304
3298,25733,Kerege,61305
3299,25733,Yombo,61306
3300,25733,Fukayosi,61307
3301,25733,Vigwaza,61308
3302,25733,Kiwangwa,61309
3303,25733,Msata,61310
3304,25733,Lugoba,61311
3305,25733,Msoga,61312
3306,25733,Talawanda,61313
3307,25733,Pera,61314
3308,25733,Bwilingu,61315
3309,25733,Ubenazomozi,61316
3310,25733,Mandera,61317
3311,25733,Kimange,61318
3312,25733,Mbwewe,61319
3313,25733,Kibindu,61320
3314,25733,Miono,61321
3315,25733,Mkange,61322
3316,25733,Mapinga,61323
3317,25733,Nia Njema,61324
3318,25733,Kisutu,61325
3319,25733,Makurunge,61326
3320,25734,Kisarawe,61401
3321,25734,Kiluvya,61402
3322,25734,Masaki,61403
3323,25734,Msimbu,61404
3324,25734,Mzenga,61405
3325,25734,Vihingo,61406
3326,25734,Kurui,61407
3327,25734,Marui,61408
3328,25734,Mafizi,61409
3329,25734,Marumbo,61410
3330,25734,Msanga,61411
3331,25734,Maneromango,61412
3332,25734,Kibuta,61413
3333,25734,Chole,61414
3334,25734,Vikumburu,61415
3335,25734,Boga,61416
3336,25734,Kazimzumbwi,61417
3337,25735,Mkuranga,61501
3338,25735,Kiparang'anda,61502
3339,25735,Mbezi,61503
3340,25735,Tambani,61504
3341,25735,Bupu,61505
3342,25735,Vikindu,61506
3343,25735,Mwarusembe,61507
3344,25735,Shungubweni,61508
3345,25735,Kitomondo,61509
3346,25735,Njianne,61510
3347,25735,Vianzi,61511
3348,25735,Kimanzichana,61512
3349,25735,Kisiju,61513
3350,25735,Mkamba,61514
3351,25735,Panzuo,61515
3352,25735,Nyamato,61516
3353,25735,Lukanga,61517
3354,25735,Magawa,61518
3355,25735,Dondo,61519
3356,25735,Msonga,61520
3357,25735,Kisegesege,61521
3358,25735,Beta,61522
3359,25735,Tengelea,61523
3360,25735,Mwandege,61524
3361,25735,Mipeko,61525
3362,25736,Utete,61601
3363,25736,Chemchem,61602
3364,25736,Ngarambe,61603
3365,25736,Mkongo,61604
3366,25736,Mbwara,61605
3367,25736,Chumbi,61606
3368,25736,Ikwiriri,61607
3369,25736,Umwe,61608
3370,25736,Mgomba,61609
3371,25736,Bungu,61617
3372,25736,Ngorongo,61625
3373,25736,Mwaseni,61626
3374,25736,Kipugira,61628
3375,25736,Mohoro,61629
3376,25737,Kilindoni,61701
3377,25737,Kiegeani,61702
3378,25737,Miburani,61703
3379,25737,Ndagoni,61704
3380,25737,Jibondo,61705
3381,25737,Baleni,61706
3382,25737,Kirongwe,61707
3383,25737,Kanga,61708
3384,25738,Salale,61801
3385,25738,Kiongoroni,61802
3386,25738,Maparoni,61803
3387,25738,Mbuchi,61804
3388,25738,Msala,61805
3389,25738,Mlanzi,61806
3390,25738,Mahege,61807
3391,25738,Mchukwi,61808
3392,25738,Mjawa,61809
3393,25738,Mtunda,61810
3394,25738,Mwambao,61811
3395,25738,Ruaruke,61812
3396,25738,Kibiti,61813
3397,25738,Mtawanya,61814
3398,25738,Dimani,61815
3399,25741,Reli,63101
3400,25741,Likombe,63102
3401,25741,Vigaeni,63103
3402,25741,Shangani,63104
3403,25741,Chikongola,63105
3404,25741,Majengo,63106
3405,25741,Chuno,63107
3406,25741,Ufukoni,63108
3407,25741,Mitengo,63109
3408,25741,Magengeni,63110
3409,25741,Mtonya,63111
3410,25741,Kisungule,63112
3411,25741,Jangwani,63113
3412,25741,Rahaleo,63114
3413,25741,Naliendele,63115
3414,25741,Magomeni,63116
3415,25741,Mtawanya,63117
3416,25741,Tandika,63118
3417,25742,Ziwani,63201
3418,25742,Madimba,63202
3419,25742,Mahurunga,63203
3420,25742,Nanguruwe,63204
3421,25742,Mayanga,63205
3422,25742,Naumbu,63206
3423,25742,Ndumbwe,63207
3424,25742,Dihimba,63208
3425,25742,Mtiniko,63209
3426,25742,Chawi,63210
3427,25742,Kitaya,63211
3428,25742,Kiromba,63212
3429,25742,Nanyamba,63213
3430,25742,Namtumbuka,63214
3431,25742,Njengwa,63215
3432,25742,Nitekela,63216
3433,25742,Mnima,63217
3434,25742,Kitere,63218
3435,25742,Msanga Mkuu,63219
3436,25742,Mbawala,63220
3437,25742,Kianga,63221
3438,25742,Tangazo,63222
3439,25742,Muungano,63223
3440,25742,Libobe,63224
3441,25742,Mpapura,63225
3442,25742,Mbembaleo,63226
3443,25742,Mtimbwilimbwi,63227
3444,25742,Milango Minne,63228
3445,25742,Dinyecha,63229
3446,25742,Nyundo,63230
3447,25742,Mnongodi,63231
3448,25742,Hinju,63232
3449,25742,Msimbati,63233
3450,25742,Nalingu,63234
3451,25742,Moma,63235
3452,25742,Lipwidi,63236
3453,25742,Mangopachanne,63237
3454,25742,Mkunwa,63238
3455,25743,Tandahimba,63301
3456,25743,Kitama 1,63302
3457,25743,Lyenje,63303
3458,25743,Milongodi,63304
3459,25743,Nanhyanga,63305
3460,25743,Namikupa,63306
3461,25743,Naputa,63307
3462,25743,Mkoreha,63308
3463,25743,Mihambwe,63309
3464,25743,Michenjele,63310
3465,25743,Maundo,63311
3466,25743,Mnyawa,63312
3467,25743,Lukokoda,63313
3468,25743,Mkundi,63314
3469,25743,Mahuta,63315
3470,25743,Chingungwe,63316
3471,25743,Mdimba Mnyoma,63317
3472,25743,Chaume,63318
3473,25743,Mkonjowano,63319
3474,25743,Luagala,63320
3475,25743,Ngunja,63321
3476,25743,Mkwiti,63322
3477,25743,Mchichira,63323
3478,25743,Litehu,63324
3479,25743,Nambahu,63325
3480,25743,Miuta,63326
3481,25743,Kwanyama,63327
3482,25743,Dinduma,63328
3483,25743,Chikongola,63329
3484,25743,Mndumbwe,63330
3485,25743,Malopokelo,63331
3486,25743,Mkwedu,63332
3487,25744,Luchingu,63401
3488,25744,Mkunya,63402
3489,25744,Nanguruwe,63403
3490,25744,Mcholi  I,63404
3491,25744,Makote,63405
3492,25744,Mcholi Ii,63406
3493,25744,Mnekachi,63407
3494,25744,Namiyonga,63408
3495,25744,Mkwedu,63409
3496,25744,Makukwe,63410
3497,25744,Mchemo,63411
3498,25744,Malatu,63412
3499,25744,Chitekete,63413
3500,25744,Mnyambe,63414
3501,25744,Maputi,63415
3502,25744,Kitangari,63416
3503,25744,Mtopwa,63417
3504,25744,Chiwonga,63418
3505,25744,Mkoma Ii,63419
3506,25744,Chilangala,63420
3507,25744,Mdimba Mpelempele,63421
3508,25744,Mtonya,63422
3509,25744,Nakahako,63423
3510,25744,Makonga,63424
3511,25744,Mtunguru,63425
3512,25744,Chihangu,63426
3513,25744,Nambali,63427
3514,25744,Nandwahi,63428
3515,25744,Mpwapwa,63429
3516,25744,Mnyeu,63430
3517,25744,Mikumbi,63431
3518,25744,Julia,63432
3519,25744,Nangwala,63433
3520,25744,Tulindane,63434
3521,25744,Mkulung'ulu,63435
3522,25744,Mahumbika,63436
3523,25744,Mtumachi,63437
3524,25744,Muungano,63438
3525,25745,Mkuti,63501
3526,25745,Marika,63502
3527,25745,Lukuledi,63505
3528,25745,Namajani,63506
3529,25745,Namatutwe,63507
3530,25745,Chigugu,63508
3531,25745,Chiwata,63509
3532,25745,Mkundi,63510
3533,25745,Nanjota,63511
3534,25745,Mkululu,63512
3535,25745,Chiungutwa,63513
3536,25745,Mbuyuni,63514
3537,25745,Lulindi,63515
3538,25745,Namalenga,63516
3539,25745,Lipumburu,63517
3540,25745,Sindano,63518
3541,25745,Mchauru,63519
3542,25745,Mnavira,63520
3543,25745,Mwena,63521
3544,25745,Nanganga,63522
3545,25745,Jida,63523
3546,25745,Mkomaindo,63524
3547,25745,Migongo,63525
3548,25745,Mtandi,63526
3549,25745,Nyasa,63527
3550,25745,Temeke,63528
3551,25745,Mwenge Mtapika,63529
3552,25745,Chiwale,63530
3553,25745,Mpanyani,63531
3554,25745,Mlingula,63532
3555,25745,Sululu,63533
3556,25745,Chikoropora,63534
3557,25745,Matawale,63535
3558,25745,Mitesa,63536
3559,25745,Makong'onda,63537
3560,25745,Mpeta,63538
3561,25745,Lupaso,63539
3562,25745,Mjelejele,63540
3563,25745,Chikukwe,63541
3564,25745,Nangoo,63542
3565,25745,Chikundi,63543
3566,25745,Ndanda,63544
3567,25745,Mpindimbi,63545
3568,25745,Msikisi,63546
3569,25745,Chanikanguo,63547
3570,25745,Napupa,63548
3571,25745,Mumbaka,63549
3572,25745,Chikunja,63550
3573,25746,Nangomba,63601
3574,25746,Mikangaula,63602
3575,25746,Maratani,63603
3576,25746,Nanyumbu,63604
3577,25746,Chipuputa,63605
3578,25746,Nakopi,63606
3579,25746,Likokona,63607
3580,25746,Sengenya,63608
3581,25746,Lumesule,63609
3582,25746,Masuguru,63610
3583,25746,Mkonona,63611
3584,25746,Nandete,63612
3585,25746,Mangaka,63613
3586,25746,Mnanje,63614
3587,25746,Kamundi,63615
3588,25746,Kilimanihewa,63616
3589,25746,Michiga,63617
3590,25751,Makonde,65101
3591,25751,Msinjahili,65102
3592,25751,Ndoro,65103
3593,25751,Mikumbi,65104
3594,25751,Mitandi,65105
3595,25751,Rahaleo,65106
3596,25751,Mwenge,65107
3597,25751,Matopeni,65108
3598,25751,Wailesi,65109
3599,25751,Nachingwea,65110
3600,25751,Rasbura,65111
3601,25751,Mtanda,65112
3602,25751,Jamhuri,65113
3603,25751,Mingoyo,65114
3604,25751,Ng'apa,65115
3605,25751,Tandangongoro,65116
3606,25751,Chikonji,65117
3607,25751,Mbanja,65118
3608,25751,Kitumbikwela,65119
3609,25751,Mnazimmoja,65120
3610,25752,Nachunyu,65201
3611,25752,Sudi,65202
3612,25752,Mnolela,65203
3613,25752,Kiwalala,65204
3614,25752,Mchinga,65205
3615,25752,Matimba,65206
3616,25752,Nangaru,65207
3617,25752,Rutamba,65208
3618,25752,Chiponda,65209
3619,25752,Mtua,65210
3620,25752,Nyangamara,65211
3621,25752,Mandwanga,65212
3622,25752,Nahukahuka,65213
3623,25752,Nyengedi,65214
3624,25752,Mtama,65215
3625,25752,Nyangao,65216
3626,25752,Namupa,65217
3627,25752,Mnara,65218
3628,25752,Milola,65219
3629,25752,Kiwawa,65220
3630,25752,Mipingo,65221
3631,25752,Kitomanga,65222
3632,25752,Kilola Mbwani,65223
3633,25752,Kilangala,65224
3634,25752,Pangatena,65225
3635,25752,Navanga,65226
3636,25752,Majengo,65227
3637,25752,Namangale,65228
3638,25752,Longa,65229
3639,25752,Mtumbya,65230
3640,25752,Kinyope,65231
3641,25752,Mvuleni,65232
3642,25753,Nachingwea Mjini,65301
3643,25753,Nambambo,65302
3644,25753,Kilimanihewa,65303
3645,25753,Stesheni,65304
3646,25753,Namatula,65305
3647,25753,Nangowe,65306
3648,25753,Mpiruka,65307
3649,25753,Mkotokuyana,65308
3650,25753,Naipanga,65309
3651,25753,Ndomoni,65310
3652,25753,Naipingo,65311
3653,25753,Mtua,65312
3654,25753,Mnero Miembeni,65313
3655,25753,Ruponda,65314
3656,25753,Marambo,65315
3657,25753,Chiola,65316
3658,25753,Mkoka,65317
3659,25753,Kipara Mnero,65318
3660,25753,Mnero Ngongo,65319
3661,25753,Namikango,65320
3662,25753,Lionja,65321
3663,25753,Nditi,65322
3664,25753,Namapwia,65323
3665,25753,Mbondo,65324
3666,25753,Matekwe,65325
3667,25753,Kilimarondo,65326
3668,25753,Kiegei,65327
3669,25753,Mitumbati,65328
3670,25753,Kipara Mtua,65329
3671,25753,Nang'ondo,65330
3672,25753,Mchonda,65331
3673,25753,Ngunichile,65332
3674,25753,Raha Leo,65333
3675,25753,Chiumbati Shuleni,65334
3676,25753,Boma,65335
3677,25753,Ugawaji,65336
3678,25754,Kilwa Masoko,65401
3679,25754,Kivinje/Singino,65402
3680,25754,Miteja,65403
3681,25754,Tingi,65404
3682,25754,Mingumbi,65405
3683,25754,Chumo,65406
3684,25754,Kikole,65407
3685,25754,Mandawa,65408
3686,25754,Pande / Mikoma,65409
3687,25754,Lihimalyao,65410
3688,25754,Kiranjeranje,65411
3689,25754,Nanjirinji,65412
3690,25754,Likawage,65413
3691,25754,Mitole,65414
3692,25754,Njinjo,65415
3693,25754,Miguruwe,65416
3694,25754,Kandawale,65417
3695,25754,Kipatimu,65418
3696,25754,Kinjumbi,65419
3697,25754,Songosongo,65420
3698,25754,Kibata,65421
3699,25754,Namayuni,65422
3700,25754,Somanga,65423
3701,25755,Liwale Mjini,65501
3702,25755,Liwale B,65502
3703,25755,Mbaya,65503
3704,25755,Mirui,65504
3705,25755,Kiangara,65505
3706,25755,Mangirikiti,65506
3707,25755,Nangano,65507
3708,25755,Ngongowele,65508
3709,25755,Mihumo,65509
3710,25755,Makata,65510
3711,25755,Mpigamiti,65511
3712,25755,Mlembwe,65512
3713,25755,Barikiwa,65513
3714,25755,Mkutano,65514
3715,25755,Kimambi,65515
3716,25755,Kichonda,65516
3717,25755,Nangando,65517
3718,25755,Likongowele,65518
3719,25755,Lilombe,65519
3720,25755,Kibutuka,65520
3721,25756,Ruangwa,65601
3722,25756,Chunyu,65602
3723,25756,Mbekenyera,65603
3724,25756,Mandarawe,65604
3725,25756,Nkowe,65605
3726,25756,Likunja,65606
3727,25756,Makanjiro,65607
3728,25756,Narung'ombe,65608
3729,25756,Namichiga,65609
3730,25756,Mandawa,65610
3731,25756,Nambilanje,65611
3732,25756,Mnacho,65612
3733,25756,Chienjele,65613
3734,25756,Malolo,65614
3735,25756,Luchelengwa,65615
3736,25756,Chinongwe,65616
3737,25756,Nanganga,65617
3738,25756,Nandagala,65618
3739,25756,Nachingwea,65619
3740,25756,Matambarale,65620
3741,25756,Chibula,65621
3742,25756,Mbwemkuru (machang'anja),65622
3743,25761,Sultani Area,67101
3744,25761,Mji Mkuu,67102
3745,25761,Sabasaba,67103
3746,25761,Mafiga,67104
3747,25761,Uwanja Wa Taifa,67105
3748,25761,Kingo,67106
3749,25761,Mji Mpya,67107
3750,25761,Kiwanja Cha Ndege,67108
3751,25761,Boma,67109
3752,25761,Kilakala,67110
3753,25761,Bigwa,67111
3754,25761,Kichangani,67112
3755,25761,Mwembesongo,67113
3756,25761,Kihonda,67114
3757,25761,Mazimbu,67115
3758,25761,Mbuyuni,67116
3759,25761,Mlimani,67117
3760,25761,Mzinga,67118
3761,25761,Kingolwira,67119
3762,25761,Lukobe,67120
3763,25761,Mafisa,67121
3764,25761,Tungi,67122
3765,25761,Kauzeni,67123
3766,25761,Luhungo,67124
3767,25761,Magadu,67125
3768,25761,Mkundi,67126
3769,25761,Chamwino,67127
3770,25761,Kihonda Maghorofani,67128
3771,25761,Mindu,67129
3772,25762,Tegetero,67201
3773,25762,Kinole,67202
3774,25762,Mkuyuni,67203
3775,25762,Kiroka,67204
3776,25762,Mkalambani,67205
3777,25762,Mikese,67206
3778,25762,Gwata,67207
3779,25762,Ngerengere,67208
3780,25762,Matuli,67209
3781,25762,Kidugalo,67210
3782,25762,Mkulazi,67211
3783,25762,Tununguo,67212
3784,25762,Lundi,67213
3785,25762,Tawa,67214
3786,25762,Kisemu,67215
3787,25762,Konde,67216
3788,25762,Mtombozi,67217
3789,25762,Kasanga,67218
3790,25762,Bungu,67219
3791,25762,Mvuha,67220
3792,25762,Selembala,67221
3793,25762,Kisaki,67222
3794,25762,Bwakira Chini,67223
3795,25762,Kolero,67224
3796,25762,Bwakira Juu,67225
3797,25762,Mngazi,67226
3798,25762,Singisa,67227
3799,25762,Kibungo,67228
3800,25762,Kibogwa,67229
3801,25762,Kibuko,67230
3802,25762,Tomondo,67231
3803,25763,Mvomero,67301
3804,25763,Dakawa,67302
3805,25763,Hembeti,67303
3806,25763,Mtibwa,67304
3807,25763,Sungaji,67305
3808,25763,Mhonda,67306
3809,25763,Maskati,67307
3810,25763,Kibati,67308
3811,25763,Diongoya,67309
3812,25763,Kanga,67310
3813,25763,Mzumbe,67311
3814,25763,Melela,67312
3815,25763,Mlali,67313
3816,25763,Bunduki,67314
3817,25763,Langali,67315
3818,25763,Tchenzema,67316
3819,25763,Kikeo,67317
3820,25763,Doma,67318
3821,25763,Pemba,67319
3822,25763,Kinda,67320
3823,25763,Mgeta,67321
3824,25763,Luale,67322
3825,25763,Nyandira,67323
3826,25763,Mangae,67324
3827,25763,Homboza,67325
3828,25763,Lubungo,67326
3829,25763,Msongozi,67327
3830,25763,Mkindo,67328
3831,25763,Kichangani,67329
3832,25763,Mziha,67330
3833,25764,Kasiki,67401
3834,25764,Mbumi,67402
3835,25764,Mkwatani,67403
3836,25764,Magomeni,67404
3837,25764,Masanze,67405
3838,25764,Kilangali,67406
3839,25764,Mabwerebwere,67407
3840,25764,Kimamba  A,67408
3841,25764,Kimamba   B,67409
3842,25764,Chanzuru,67410
3843,25764,Rudewa,67411
3844,25764,Msowero,67412
3845,25764,Dumila,67413
3846,25764,Magole,67414
3847,25764,Magubike,67415
3848,25764,Parakuyo,67416
3849,25764,Berega,67417
3850,25764,Madoto,67418
3851,25764,Mbigiri,67419
3852,25764,Kitete,67420
3853,25764,Mamboya,67421
3854,25764,Mvumi,67422
3855,25764,Maguha,67423
3856,25764,Mabula,67424
3857,25764,Mtumbatu,67425
3858,25764,Lumbiji,67426
3859,25764,Kidete,67427
3860,25764,Lumuma,67428
3861,25764,Zombo,67429
3862,25764,Ulaya,67430
3863,25764,Kidodi,67431
3864,25764,Malolo,67432
3865,25764,Kisanga,67433
3866,25764,Ruhembe,67434
3867,25764,Ruaha,67435
3868,25764,Vidunda,67436
3869,25764,Ulelinga€™Ombe,67437
3870,25764,Mhenda,67438
3871,25764,Tindiga,67439
3872,25764,Mikumi,67440
3873,25765,Ifakara,67501
3874,25765,Kibaoni,67502
3875,25765,Kiberege,67503
3876,25765,Kisawasawa,67504
3877,25765,Mang'ula,67505
3878,25765,Mkula,67506
3879,25765,Sanje,67507
3880,25765,Kidatu,67508
3881,25765,Lumemo,67509
3882,25765,Idete,67510
3883,25765,Mofu,67511
3884,25765,Mbingu,67512
3885,25765,Mchombe,67513
3886,25765,Chita,67514
3887,25765,Chisano,67515
3888,25765,Mlimba,67516
3889,25765,Utengule,67517
3890,25765,Masagati,67518
3891,25765,Uchindile,67519
3892,25765,Kamwene,67520
3893,25765,Mngeta,67521
3894,25765,Michenga,67522
3895,25765,Mwaya,67523
3896,25765,"Mang'ula ""b""",67524
3897,25765,Signal,67525
3898,25765,Msolwa Station,67526
3899,25765,Kalengakelo,67527
3900,25765,Namwawala,67528
3901,25765,Mbasa,67529
3902,25765,Katindiuka,67530
3903,25765,Lipangalala,67531
3904,25765,Mlabani,67532
3905,25765,Viwanjasitini,67533
3906,25765,Ching'anda,67534
3907,25765,Igima,67535
3908,25766,Mahenge Mjini,67601
3909,25766,Vigoi,67602
3910,25766,Isongo,67603
3911,25766,Msogezi,67604
3912,25766,Iragua,67606
3913,25766,Lupiro,67607
3914,25766,Minepa,67608
3915,25766,Kichangani,67609
3916,25766,Lukande,67610
3917,25766,Chirombola,67611
3918,25766,Mwaya,67612
3919,25766,Euga,67613
3920,25766,Sali,67614
3921,25766,Ruaha,67615
3922,25766,Ilonga,67623
3923,25766,Mbuga,67624
3924,25766,Mawasiliano,67625
3925,25766,Nawenge,67626
3926,25766,Uponera,67627
3927,25766,Ketaketa,67628
3928,25766,Milola,67629
3929,25767,Gairo,67701
3930,25767,Rubeho,67702
3931,25767,Mandege,67703
3932,25767,Chagongwe,67704
3933,25767,Chanjale,67705
3934,25767,Kibedya,67706
3935,25767,Chakwale,67707
3936,25767,Iyogwe,67708
3937,25767,Chigela,67709
3938,25767,Madege,67710
3939,25767,Idibo,67711
3940,25767,Leshata,67712
3941,25767,Italagwe,67713
3942,25767,Nongwe,67714
3943,25767,Ukwamani,67715
3944,25767,Magoweko,67716
3945,25767,Mkalama,67717
3946,25767,Msingisi,67718
3947,25768,Itete,67801
3948,25768,Kilosampepo,678010
3949,25768,Njiwa,67802
3950,25768,Mtimbira,67803
3951,25768,Usangule,67804
3952,25768,Sofi,67805
3953,25768,Malinyi,67806
3954,25768,Igawa,67807
3955,25768,Biro,67808
3956,25768,Ngoheranga,67809
3957,25685,Njisi,73733